"","date","url","query","news_title","news_content"
"2","2010.08.26","https://news.naver.com/main/read.naver?mode=LSD&mid=sec&sid1=101&oid=032&aid=0002080624","쿠팡","‘제값 다 내면 바보?’…반값시대 현실화","
	
	



() {}

	영화·연극을 보거나유명 패밀리 레스토랑을 제값 내고 이용하는 사람은 바보 취급을 받는 시대가 됐다. 반값 할인쿠폰을 공동으로 구매하는 사이트가 속속 생겨나고 있어서다. 해외에서 선풍적 인기를 끌고 있는 ‘소셜 커머스 사이트’가 국내에서도 본격적인 영업에 들어간 것이다.소셜 커머스 사이트는 반값 이하로 물품이나 서비스를 제공받는 쿠폰을 공동구매하는 쇼핑몰을 뜻한다. 소비자는 할인 혜택을 받고 판매자는 홍보 효과를 누릴 수 있다. 물론 사이트 주인은 수수료를 챙길 수 있어 정보통신(IT) 업계의 ‘윈윈 모델’로 떠오르고 있다. 그러나 국내의 경우 구매 상품이나 서비스가 다양하지 않은 상황에서 사이트가 난립해 자칫 소비자들이 피해를 볼 수 있다는 우려도 나온다.26일 관련업계에 따르면 국내에서 운영 중인 소셜 커머스 사이트는 티켓몬스터와 딜즈온, 위폰, 키위 등 30여곳에 이른다. 이들 사이트는 레스토랑이나 공연, 스파 등 다양한 종류의 쿠폰을 하루에 한가지씩 팔고 있다. 인터넷 쇼핑몰이라면 수백에서 수만 종류의 물품을 취급하는 게 상식이지만 이와는 다르다. 그러나 한 종류를 파는 대신 가격은 반값 이하다. ‘소셜’이라는 단어가 붙는 것은 ‘반값 할인’을 받기 위해 소셜 네트워크 서비스(SNS)를 이용해 최소 인원을 모집하기 때문이다. 정해진 인원이 모이지 않으면 할인 혜택이 없어 최소 신청인원을 채우기 위해 자신이 가입한 SNS를 통해 물품 구매 의사를 타진하는 것이다. 이들 사이트에는 트위터와 페이스북, 미투데이 등 SNS 버튼이 눈에 띠는 자리에 마련돼 있다. 버튼을 클릭하면 자신의 트위터와 싸이월드, 미투데이, 페이스북 등에 ‘XXX 미용실 53% 할인가, 마감까지 3명 남았습니다. 도와주세요’처럼 해당 제품을 소개하는 문구가 자신의 계정에 올라가는 식이다. 사이트 운영자들은 광고료를 들이지 않고도 앉아서 마케팅을 할 수 있다.와튼스쿨 졸업생 셋이 창업해 화제가 된 ‘티켓몬스터(ticketmonster.co.kr)’도 비슷한 시스템이다. 5월 문을 연 티켓몬스터는 국내 소셜 커머스 사이트들 가운데 가장 규모가 크다. 얼마전 하루 매출 1억5000만원을 돌파했다. 회원은 5만5000여명에 이르며 매일 30만여명이 이 사이트를 찾는다. 최근 상품으로 올린 10만원짜리 ‘오페라의 유령’ 티켓 반값쿠폰 1400장은 1시간 만에 동이 났다.신현성 티켓몬스터 대표는 “24시간에 단 하나의 서비스만 반값으로 팔되 최소 구매인원이 모이지 않으면 경매 자체가 무산되는 시스템”이라며 “자신이 가지고 싶은 물품이 있더라도 다른 사람이 관심이 없으면 서비스를 살 수가 없는 만큼 즐거운 ‘협력 구매 게임’이 된다”고 말했다. 이달 들어 새로 문을 연 ‘원데이플레이스(onedayplace.com)’는 최근 미피의 즐거운 미술관, 서래마을 이탈리안 레스토랑, 롯데호텔 중식당 도림 등의 쿠폰을 반값으로 팔았다. 메이저 펀드 두곳으로부터 이미 20억원 이상을 투자받은 ‘쿠팡(coupang.co.kr)’이란 사이트도 있다.소셜 커머스 사이트의 가장 큰 장점은 판매자(또는 서비스업자)나 소비자, 사이트 운영자에게 모두 이득이 돌아간다는 점이다. 사업자들은 업소를 홍보해 입소문을 내고 소비자는 이들 서비스를 50% 이상 싼 가격에 이용할 수 있다. 거래를 중개하는 소셜 커머스 사업자는 거래금액의 10~20%를 현금으로 챙긴다. 누이 좋고 매부 좋은 모델이다. ‘구글 이후 최고의 비즈니스 모델’이라는 얘기가 나오는 것도 이 때문이다. 소셜 커머스의 원조는 1년 반만에 연매출 3억5000만달러를 올린 미국 사이트 ‘그루폰닷컴(groupon.com)’이다. 회사 이름은 ‘그룹(group)’과 ‘쿠폰(coupon)’에서 따왔다. 시카고에 본사를 둔 이 회사는 미국과 유럽지역 세계 최대 소셜 커머스 회사로 성장했다. 하루 매출규모만 100만달러가 넘는다. 현재 기업가치는 13억5000만 달러로 추산되며 올해 매출은 5억 달러에 이를 것으로 전망된다. 중국에서는 아예 그루폰 사이트를 통째로 베낀 사이트들이 지역마다 세워지고 있다. 국내에선 다수 업체들이 단기간에 난립한 탓에 소비자 불만도 터져 나오고 있다. 일부 업체의 경우 충분한 자금과 인력을 갖추지 못한 채 급하게 서비스를 시작해 판매상품을 제때 확보하지 못해 도산하는 일도 발생했다. 먹거리나 공연 등 아이템이 한정돼 있다는 지적도 나온다. 한 업계 관계자는 “적어도 하루에 한가지씩 상품을 돌려야 하는데 이마저도 확보를 못하는 사이트들이 있다”면서 “ ‘단골 네티즌’을 확보하는 것이 관건인데 매일 상품을 보여주지 못하면 신뢰도가 급락할 가능성이 크다”고 말했다.사이트들이 난립하다 보니 이들 사이트가 선보이는 쿠폰을 매일 소개하는 ‘다원데이(daoneday.com)’라는 사이트도 생겼다. 허진호 인터넷기업협회장은 “장래성이 있는 사업 모델이지만 단기간에 많은 이들이 뛰어들어 국내에서도 시장이 이미 포화 상태에 이르렀다”면서 “소비자와 상품확보라는 필수요건을 채우지 못한 사이트들이 빠르게 도태되고 일부 유망한 사이트만 살아남게 될 것”이라고 말했다.<백인성 기자 fxman@kyunghyang.com>- ⓒ 경향신문 & 경향닷컴(www.khan.co.kr), 무단전재 및 재배포 금지〈경향닷컴은 한국온라인신문협회(www.kona.or.kr)의 디지털뉴스이용규칙에 따른 저작권을 행사합니다.〉"
"4","2010.10.18","https://news.naver.com/main/read.naver?mode=LSD&mid=sec&sid1=102&oid=032&aid=0002088748","쿠팡","“언제나 같은 것만 먹고 가던 데만 가지 마세요”","
	
	



() {}
ㆍ신생 소셜커머스 벤처기업 ‘쿠팡’의 윤선주 이사딸이 있다면 이렇게 당차게 한번 키워보고 싶다는 생각이 든다. “내가 뭔가를 잘못해서 실패해본 경험은 없다”고 당당하게 말하는 그는 신생 소셜커머스 벤처기업 ‘쿠팡’의 윤선주 이사(33)다.트위터 등 소셜미디어와 온라인 미디어를 활용한 전자상거래의 일종인 소셜커머스는 올해 온라인 시장에 등장해 상당한 인기를 끌고 있다. 미국의 ‘그루폰(groupon)’이 그 시초다. 윤 이사 역시 미국 유학 시절 그루폰을 경험해보고, 동료 2명과 함께 쿠팡을 기획했다.“그루폰이 사람들을 문화적으로 다채롭게 살 수 있도록 해주는 것을 보고 한국에도 저런 사이트가 있으면 좋겠다고 생각했어요. 한국 사람들 바쁘지만 또 단조롭게 살잖아요. 이런 것도 먹어보고, 이런 것도 배워봐라 하고 문화적으로 윤택하고 충만한 삶을 안내해주고 싶었어요.”소셜커머스가 우후죽순 생겨나면서 단순한 할인·쿠폰 사이트로 생각하는 사람들도 많지만 윤 이사는 자신들을 “문화 전도사”로 지칭했다. 그는 “사람들에게 만날 같은 것만 먹고 가던 데만 가지 말고 이런 것도 해보라고 소개하는 트렌드세터(유행을 창조, 선도하는 사람)가 되려 한다”며 “향후 기부 문화도 소셜커머스에 도입해 보고자 한다”고 말했다. 이 때문에 애초에 타깃층을 구매력과 문화에 대한 갈증이 높은 20~30대 싱글족으로 삼았다. 사이트 오픈 2개월째지만 회원 수는 12만명에 달한다.윤 이사는 서울대 출신에 하버드대 로스쿨·케네디스쿨을 졸업하고 SBS 예능PD, 보스턴컨설팅 한국사무소 근무 경력 등 이력이 화려하다. 게다가 윤증현 기획재정부 장관을 아버지로 둔 소위 ‘엄친딸’이다.“한 번도 누구의 딸이라고 생각하며 살아온 적이 없는데 주변에서는 그것을 먼저 보더군요. 또 하고 싶은 일을 좇아 열심히 해서 이뤘을 뿐인데 결국 그게 남들이 생각했던 ‘간판’과 맞아떨어진 부분도 있고요. 하지만 지금 하는 일은 없던 간판을 만들어 올리는 중이에요.”공무원 아버지를 둔 피를 속일 순 없는지 윤 이사는 “공공을 위해 일하고 싶다”고 말했다. “사적 영역에 머물 때는 왠지 모를 헛헛함이 느껴진다”고도 했다.윤 이사는 내년 1월에 홍콩의 한 로펌에서 국제변호사로 일하기로 돼 있다. 멈출 줄 모르고 끊임없이 도전을 이어온 데 대해 그는 “여건이 주어졌었다”고 말했다. 좋은 집안 환경을 말하는 것이 아니라, “여자니까 하지 말라고 하는 사람도 없었고, 늘 한번 해보라는 말을 듣고 자랐다”는 것이다.윤 이사는 종착지를 묻자 “저도 모르겠다”고 답했다. 그는 “10년 뒤 어떤 모습일지 단언하는 것은 어려운 일”이라며 “무엇을 하든 다수를 위한, 공공을 위한 일을 하고 있지 않겠느냐”고 말했다.<글 이고은·사진 김문석 기자>- ⓒ 경향신문 & 경향닷컴(www.khan.co.kr), 무단전재 및 재배포 금지〈경향닷컴은 한국온라인신문협회(www.kona.or.kr)의 디지털뉴스이용규칙에 따른 저작권을 행사합니다.〉"
"6","2011.01.04","https://news.naver.com/main/read.naver?mode=LSD&mid=sec&sid1=101&oid=032&aid=0002103665","쿠팡","소셜커머스 쇼핑몰 빅쿠폰에는 매일매일 거대한 할인이 쏟아진다","
	
	



() {}
일정 인원이 모이면 50% 이상의 할인쿠폰이 생기는 소셜커머스 빅쿠폰.얼마 전만 해도 ‘소셜커머스’라는 키워드를 접했을 때 대부분의 사람들은 별 반응이 없었다. 그러나 지금은 인터넷을 할 줄 아는 사람이라면, 또는 스마트폰을 사용하고 있는 사람이라면 누구나 ‘소셜커머스’에 대해 알고 있을 만큼 이슈가 되고 있다.빅쿠폰(http://www.big-coupon.com/)또한 2010년 인기키워드로 급부상한 ‘소셜커머스’의 일종으로서 공동구매로 음식, 연극, 콘서트, 학원, 피부관리, 여행, 의류, 액세서리 등 다양한 분야에서 매일 한두 가지의 상품이나 서비스를 두고 정해진 숫자의 고객을 확보하면 해당 업체가 50% 이상 할인된 가격에 이를 제공하는 사이트이다.이에 많은 이들이 빅쿠폰을 찾고 있으며 빅쿠폰을 찾은 고객들의 높은 만족도로 Digital YTN [2011년 상반기 E-BIZ 브랜드 대상]을 수상한 바 있다. 지금 현재 유명한 소셜커머스쇼핑몰을 살펴보자면, 쿠팡, 티켓몬스터(티몬), 데일리픽, 쇼킹온 등등 많은 쇼핑몰들이 있다. 대부분의 쇼핑몰에서는 맛 집과 문화생활을 중심으로 운영되고 있다. 대부분 젊은 타겟을 중점으로 두는 쇼핑몰이다 보니 그들이 관심 있어 하는 폭넓은 분야를 중점적으로 활성화가 되는 것이다.“오픈마켓은 안가도 소셜커머스 쇼핑몰은 매일 들려요” 직장인 김모씨(29)씨의 말이다. 이는 최근 20~30대를 중심으로 소셜커머스가 인기를 모으고 있다는 점을 증명해 준다. 원어데이몰 소셜커머스의 장점은 소비자들이 온라인 몰에서 상품정보를 모으고 가격을 비교하는데 걸리는 시간을 단축해 준다는 점이다. 하지만 주의해야 할 점도 적지 않다. 상품에 유효기간, 환불불가 등 제약이 있기 때문에 구매하기 전에 확인이 필요하다. 물건을 판매한 뒤 폐업해버려 쿠폰을 쓰지 못하는 경우도 있어 사이트 선택부터 신중해야 한다.소셜커머스<빅쿠폰>에서 2011년 신묘년 새해맞이 기념 겨울콜렉션 특별 기획전을 진행 중이다. 빅쿠폰은 '토끼해'를 맞아 '토끼'를 컨셉으로 하는 다양한 기획전을 마련하고 있다. 이미 지난 연말 올겨울 최고의 아이템으로 꼽히는 호피무늬 퍼 재킷을 선보인바 있으며, 계속해서 다양한 애니멀 퍼 재킷 및 함께 코디가 가능한 원피스 등 의류 품목과 함께 머리밴드, 스카프, 벨트, 목걸이, 브로치 등 다양한 여성용 액세서리를 선보이며, 넥타이와 넥타이 핀과 같은 남성용 액세서리도 함께 선보일 예정이다. 또한 겨울콜렉션과 더불어 '와인 특별 기획전'도 계획 중이라고 하니 와인 매니아들에게 희소식이 될 전망이다. 이번 빅쿠폰의 빅딜&굿딜은 50%~60%에 달하는 할인율과 함께 새해를 맞아 퍼 아이템 등 다양한 의류 및 액세서리를 구매하려는 여성 소비자들에게 좋은 기회가 될 것으로 보인다. 
소셜커머스쇼핑몰 중에서도 남들과 똑같은 형식 보다는 특정한 타겟이 있는 소셜커머스를 통해 자사만의 분명한 색깔로 타 업체와의 차별화된 전력으로 앞서나가고 있는 빅쿠폰의 정이열 대표는 앞으로도 더 많은 고객들의 니즈를 파악하여 다양하고 전문적으로 제휴업체를 늘려나가며 고객만족을 실현하고자 끊임없이 노력하는 빅쿠폰(http://www.big-coupon.com/)이 되겠다고 약속했다. <본 자료는 해당 업체에서 제공한 보도 자료입니다.>경향신문 ‘오늘의 핫뉴스’  ▶ 17억원 사기, 여성 2500명과 잠자리… ‘희대의 사기꾼’▶ 바람피운 아내 e메일 열어봤다가… 굴욕▶ ‘자이 아파트’ 새 모델… 이영애 밀어낸 미녀모델, 누구? ▶ [영상]‘아내 불륜현장’ 덮친 남편 무차별 폭행▶ [화보] ‘완벽 각선미’ 역시 빅토리아▶ [화보] 김태희, 눈부신 공주님 자태 공식 SNS 계정 [경향 트위터] [미투데이] [페이스북] [세상과 경향의 소통 Khross]- ⓒ 경향신문 & 경향닷컴(www.khan.co.kr), 무단전재 및 재배포 금지〈경향닷컴은 한국온라인신문협회(www.kona.or.kr)의 디지털뉴스이용규칙에 따른 저작권을 행사합니다.〉"
"8","2011.02.25","https://news.naver.com/main/read.naver?mode=LSD&mid=sec&sid1=101&oid=032&aid=0002114870","쿠팡","[경기도 웰빙맛집/ 가짜골임자탕] 24시간 숙성 도토리반죽 들깨 손수제비 일품","
	
	



() {}
가짜골푹 고아낸 임자, 한방백숙도 '도토리임자탕(들깨수제비)'과 함께 인기인천에 사는 이정연(33)씨는 얼마 전 소셜커머스를 통해 일산의 한 음식점 쿠폰을 구매했다. 얼마 전 돌잔치에서 만난 고등학교 시절 절친 A씨의 투정이 떠올랐기 때문이다. 정연씨는 “딸이 아토피가 심해 음식에 지나치게 신경 쓴 나머지 외식이 까다로운 A에게 딱 이라는 생각이 들었다”고 말했다. 결과는 대만족! A는 “오랜만에 걱정 없이 음식을 먹어보는 것 같다”며 “몸에도 좋겠지만 맛은 정말 홀딱 반해버릴 정도”라며 즐거운 비명을 질렀다. 경기도 일산에 위치한 웰빙 음식점 ‘가짜골 임자탕’(대표 심정후, www.gajjagol.co.kr)은 최근 쿠팡 등 소셜커머스 사이트를 통해 실시한 ‘반값’ 이벤트 덕분에 수도권 각지에서 찾아온 이들로 연일 북새통을 이루고 있다. 가짜골 임자탕은 식사류로 ▲도토리임자탕(들깨수제비) ▲도토리 바지락 생수제비 ▲도토리 비빔국수 ▲도토리묵밥 ▲해물부추전 ▲도토리묵무침 등을, 닭‧오리 등 보양식류로는 ▲임자닭백숙 ▲한반토종닭백숙 ▲옻닭백숙 ▲토종닭도리탕 ▲임자오리백숙 ▲한방오리백숙 ▲옻오리백숙 등이 준비되어 있다. 주테마 식재료는 중금속을 배출하고 피로를 회복하는데 도움을 준다고 알려진 도토리로, 반죽의 경우 이 도토리 가루를 이용해 직접 만들어 24시간 숙성시킨다. 이 중 들깨 손수제비인 도토리임자탕은 노화방지에 좋은 오메가3가 듬뿍 들어있는 들깨(임자)와 메밀, 견과류 등 육수에 도토리 반죽을 즉석에서 숭덩숭덩 뜯어 넣어 만든다.임자백숙에도 들깨육수가 들어가는데 토종 닭, 오리의 쫄깃한 식감과 잘 어우러져 역시 ‘가짜골임자’라는 평가를 받고 있다. 또 한방백숙류도 15가지 한약재를 가짜골임자만의 비법으로 푹 고아내 일품메뉴로 꼽힌다. 맛도 영양도 만점인 메뉴들에 손님들은 “보기만 해도 몸이 절로 좋아지는 재료에 구수하고 고소한 맛이 왠지 집에 가서도 생각이 날 것 같다”며 “웰빙 중의 웰빙”이라고 엄지손가락을 추켜올린다. 현재 가짜골 임자탕은 이미 일산은 물론 수도권 각지로 입소문이 퍼지며 가족외식메뉴로 자리를 잡고 있다. 특히 MGS 화학 조미료에 민감한 아이, 소화기능이 약한 어른을 모시고 온 이들은 명함까지 받아 나설 정도로 브랜드 신뢰감도 형성됐다. 현재 가짜골 임자탕은 이런 인기에 호응하기 위해 소셜커머스를 통하지 않고, 자체 홈페이지(www.gajjagol.co.kr)에서 직접 ‘반값’ 쿠폰을 판매하는 이벤트를 진행하고 있다. 아울러 3월 중 프랜차이즈 설명회도 열어 전국 단위로 사업을 확대해 나갈 방침이다. 심정후 대표는 “가짜골 임자탕의 모든 메뉴는 ‘건강한 미각의 즐거움’이란 슬로우푸드 정신에 입각해 한그릇 한그릇이 정성스럽게 만들어 진다”며 “반조리식품과 화학조미료에 의존한 현 외식시장에 경종을 울리며 점차 자리를 잡아 결국 국내외식계 대표 건강브랜드가 될 것”이라고 자신감을 내비쳤다.<본 자료는 해당 업체에서 제공한 보도 자료입니다.>경향신문 ‘오늘의 핫뉴스’  ▶ 미쓰에이 민 “미국인 남친과 비밀연애…”▶ 여중생들이 찍은 ‘찜질방 몰카’ 논란▶ 우리나라 직장인이 가장 살고 싶어하는 나라는▶ “너 같은 시민 필요없다” 시장님이 시민폭행?▶ EBS 강사 미모 화제…“수업 집중 못할 정도”▶ 여성 직장인, 이런 복장은 제발… 공식 SNS 계정 [경향 트위터] [미투데이] [페이스북] [세상과 경향의 소통 Khross]- ⓒ 경향신문 & 경향닷컴(www.khan.co.kr), 무단전재 및 재배포 금지〈경향닷컴은 한국온라인신문협회(www.kona.or.kr)의 디지털뉴스이용규칙에 따른 저작권을 행사합니다.〉"
"10","2011.03.30","https://news.naver.com/main/read.naver?mode=LSD&mid=sec&sid1=101&oid=032&aid=0002123253","쿠팡","전 국민 참여형 소셜커머스  ‘아임바이어’ 돌풍!!","
	
	



() {}
-차별화된 전략으로 유통시장의 새로운 페러다임을 구축-아이디어 소싱 이벤트 ‘슈퍼바이어K’ 개최-누구나 참여 가능한 ‘프리랜서MD’ 비즈니스 모델 도입400개가 넘는 소셜커머스 시장에 새로운 강자가 탄생하여 큰 주목을 받고 있다. 기존 업체와는 차별화된 독특한 전략으로 돌풍을 일으키는 ‘아임바이어(www.imbuyer.co.kr)’가 그 주인공이다. 소셜커머스란 공동 할인구매의 한 형태로, 최근 유행하는 페이스북과 트위터 등 SNS의 입소문을 활용해 한정판매되는 상품을 할인을 통해 구매하는 서비스를 말한다. 티켓몬스터, 위메프, 쿠팡 등 기존의 소셜커머스 업체는 회사 내 MD 조직을 두는 영업방식을 통해 상품을 구성하는 반면, 아임바이어는 “전 국민 누구나 MD”가 되어 양질의 상품을 구성할 수 있는 참여형 비즈니스 모델을 도입한 것이 기존 업체와 다른 점이다. 이를 통해 ‘프리랜서MD’가 되어 상품이나 서비스를 직접 발굴해 판매하게 되면 판매 순수익의 최대 50%까지 공유하게 된다. 아임바이어가 눈길을 끄는 이유는 독특한 판매형태와 상품에서도 찾아볼 수 있다. 프리랜서MD 제도와 함께 아이디어만으로 누구나 참여 할 수 있는 ‘슈퍼바이어K’가 그것이다. ‘슈퍼바이어K’는 참여자들 간의 아이템 배틀을 겨루는 이벤트로 최종 우승자 한 명에게는 500만원의 상금을 지급한다. ‘랜덤딜’이란 판매형태도 독특하다. 벤츠, 명품백 등 누구나 갖고 싶은 고가의 상품을 파격적으로 갑작스레 판매하는 것이 랜덤딜이다. 정해져 있지 않은 판매시간을 회원이나 SNS 팔로워에게만 알려주는 게 특징이다. 또, 업계 최초의 7일 안심 환불제 등 기존의 소셜커머스에서는 찾아보기 힘든 다양한 제도를 도입해 고객 만족도를 극대화 시키고 있다. 아임바이어의 임직원 대부분이 KAIST, 고려대, 성균관대, 연세대, 한양대를 비롯해 미국, 중국 명문대를 졸업한 재원들이다. 과거 억대 연봉을 뒤로하고 차별화된 소셜커머스를 만들겠다는 일념 하에 규합됐다.소셜커머스는 일반적으로 3~5명의 직원으로 사업을 시작하지만, 아임바이어는 오픈 초기부터 CS팀, B2B팀, 해외구매팀, MD팀 등 차별화된 비즈니스를 위한 기반 구축을 위해 40여명의 임직원을 고용했다. 아임바이어의 운영주체인 해피투게더 김정현 대표는 “최상의 업체가 되기 위한 내실 다지기를 이미 마친 상태”라며 “새로운 돌파구가 필요했던 소셜커머스 시장에서 차별화된 비즈니스 모델로 승부할 것”이라고 말했다. 한편, 아임바이어는 오는 4월 9일 삼성동 섬유센터에서 대규모 프리랜서 MD 설명회를 개최할 예정이다. 업계 브레인으로 거듭나고 있는 아임바이어의 MD가 되고 싶은 사람이라면 누구나 참여할 수 있다.<본 자료는 해당 업체에서 제공한 보도 자료입니다.>경향신문 ‘오늘의 핫뉴스’  ▶ 왜 하필 이런 때…일본 또 “독도는 일본땅”▶ 김장훈 “日 교과서 독도문제와 민간인 구호활동은 별개”▶ 한나라 이한구 의원, 이명박 대통령 ‘출당’ 경고▶ 인천공항 면세점서 가장 많이 팔린 화장품 브랜드는?▶ 이경규 꼬꼬면 상표등록 누군가 선수쳤다▶ ‘나는 가수다’ 출연 7인 손익계산서 보니…최대수혜자는 정엽 공식 SNS 계정 [경향 트위터] [미투데이] [페이스북] [세상과 경향의 소통 Khross]- ⓒ 경향신문 & 경향닷컴(www.khan.co.kr), 무단전재 및 재배포 금지〈경향닷컴은 한국온라인신문협회(www.kona.or.kr)의 디지털뉴스이용규칙에 따른 저작권을 행사합니다.〉"
"12","2011.04.03","https://news.naver.com/main/read.naver?mode=LSD&mid=sec&sid1=105&oid=032&aid=0002124230","쿠팡","‘팔고나면 그만’ 소셜커머스, 소비자 울린다","
	
	



() {}
ㆍ과장광고·저품질·환불불가… 통신중개업 내세워 책임회피ㆍ피해구제 어려워 불만 비등… 통신판매업 수준 규제 필요국내 최대 소셜커머스(SC) 업체인 ‘쿠팡’이 최근 세계 금융시장에서 200억원의 투자를 유치해 화제가 됐다. 국내에서도 SC가 시장의 핵심 코드로 자리잡았음을 시사하는 대목이다. 그러나 ‘투자의 귀재’로 불리는 워런 버핏은 최근 인도 뉴델리에서 “SC 기업들의 가치를 평가하는 일은 아주 어렵다”며 “대부분은 너무 비싸다”고 말해 ‘거품’ 논란에 불을 지폈다.이 같은 거품론의 배경엔 SC 업체들의 무책임도 한몫을 하고 있다. 소비자들을 끌어들이기 위해 각종 쿠폰을 판매한 뒤 쿠폰 사용과정에서 발생한 피해에 대해서는 책임을 지지 않는다. 과대광고와 고율의 수수료 문제도 논란거리다. SC에 대한 소비자 피해를 막기 위해 규제가 시급하다는 지적이 나오고 있다.3일 국내 주요 SC 업체들의 이용약관을 분석한 결과 자신을 ‘통신판매중개업자’로 명시한 것으로 드러났다.전자상거래법상 ‘통신판매중개업자’는 제품 판매를 둘러싼 단순한 장소 제공과 중개의 역할을 한다. 판매한 물품과 서비스에 대해 사후 책임을 져야 하는 ‘통신판매업자’와는 구별된다. SC 업체들은 ‘통신판매중개업자’임을 내세워 이용약관에 “쿠폰에 명시된 물품과 서비스의 품질에 대해 어떤 책임도 지지 않는다”고 명시했다.지난해부터 등장한 SC는 1년 만에 300~400개 업체가 생겨나며 급성장 중이다. 올 SC 업계의 매출액은 5000억원을 넘어설 것으로 예상된다.이 때문에 SC를 통해 구입한 쿠폰을 사용하면서 피해를 본 소비자들은 구제받기가 쉽지 않다. 쿠폰의 물품과 서비스를 제공하는 해당 업체가 책임을 져야 하지만 쿠폰 구매자가 많게는 수천명에 달하는 데 반해 규모와 매출이 영세한 업체들이 많아 구제를 기대하기 어렵다. 이용자에 따라 만족도 차이가 크게 다를 수 있는 서비스 관련 분쟁은 잘잘못을 가리기조차 어려워 책임을 물을 수 없는 경우도 많다. 공정거래위원회는 지난해 말 SC에 대한 ‘소비자피해주의보’를 내려 이용에 주의할 것을 권고했다.소비자 불만이 커지면서 SC 업체들이 일정부분 쿠폰에 대한 사후 책임을 져야 한다는 지적이 나오고 있다. SC 업체들은 자체 상품기획을 통해 기업이나 가게를 찾아다니며 가격할인 규모, 쿠폰 수량, 수수료율을 조정해 쿠폰을 발행하는 영업방식을 택하고 있다. 한 온라인 쇼핑몰 관계자는 “소셜커머스는 단순 중개인 수준을 넘어 쿠폰 업체들과 ‘제휴판매’ 형태를 띠는 만큼 ‘통신판매업자’로서 책임질 부분은 져야 하는 게 옳다”고 지적했다.논란을 빚어온 SC의 ‘환불정책’도 여전히 개선되지 않고 있다. 법률상 통신판매의 경우 구매 후 7일 이내에 구매를 철회할 수 있어야 하지만 일부 대형 SC를 제외하곤 지켜지지 않고 있다. ‘깜짝할인’을 이유로 구매 당일이 아니면 취소가 안되는 SC도 아직 많다.‘반값할인’을 앞세운 과장광고도 문제다. 가격 기준이 명확하지 않은 각종 서비스의 경우 ‘부르는 게 값’이다. 실제 서비스 가격보다 판매가격을 부풀린 뒤 할인이 많이 되는 것처럼 광고해도 소비자들로선 내막을 알 방법이 없다.대형 SC 업체들의 지나치게 높은 수수료도 논란이 되고 있다. 업계에 따르면 대형 SC 업체들의 경우 쿠폰 판매가격의 30%에서 최대 50%까지 수수료를 받고 있다. 반값 할인에 수수료를 떼고나면 막상 쿠폰의 해당 업체들은 남는 게 거의 없다고 한다.SC와 제휴해 쿠폰을 냈던 한 업주는 “최근 홍보비를 명목으로 별도의 수수료까지 떼고 있다”며 “소셜커머스들이 영세업체들과 소비자 사이에서 거액의 수수료만 챙기고 있다”고 말했다.<송진식 기자 truejs@kyunghyang.com>경향신문 ‘오늘의 핫뉴스’  ▶ 4대강 지천 ‘재난’ 시작됐다▶ 서울지역 성범죄 급증…1년새 2배▶ 담배때문에… KTX, 올해만 5번 급정거▶ “서태후는 위안스카이에게 총살당했다”▶ 이화여대 학생들 ‘채플 수업’ 수강 거부▶ 실종 후쿠시마 원전 직원 2명 숨진 채 발견 공식 SNS 계정 [경향 트위터] [미투데이] [페이스북] [세상과 경향의 소통 Khross]- ⓒ 경향신문 & 경향닷컴(www.khan.co.kr), 무단전재 및 재배포 금지〈경향닷컴은 한국온라인신문협회(www.kona.or.kr)의 디지털뉴스이용규칙에 따른 저작권을 행사합니다.〉"
"14","2011.04.06","https://news.naver.com/main/read.naver?mode=LSD&mid=sec&sid1=101&oid=032&aid=0002125160","쿠팡","최초 중소기업소셜커머스 ‘티켓프리’ 오픈! 공짜로 드립니다.","
	
	



() {}
원어데이쿠폰이 인기를 끌고 있다. 위메프, 티켓몬스터, 쿠팡, 소셜커머스닷컴 등 유명 소셜커머스들이 상승세를 이어가고 있는 이 시기에 의미 있는 소셜커머스가 나타났다. 대한민국 최초 중소기업제품 전문 소셜커머스 ‘티켓프리’(대표:신동옥, http://www.ticketfree.co.kr)가 바로 그 주인공이다.바야흐로 소셜커머스의 시대다. SNS(Social Network Service)에 기반을 둔 소셜커머스는 스마트폰 인구 천만돌파를 이룩한 현재, 새로운 쇼핑방식으로 각광받고 있다. 소셜커머스는 단 하루, 공동구매방식으로 일정 인원 이상이 구매하면 반값이상을 할인해준다. 스마트한 유저들은 보다 알뜰하게 쇼핑하는 방법을 그냥 지나치지 않았다.이 최첨단 쇼핑 방식은 적은 비용으로 효과적인 마케팅효과를 얻을 수 있는 이점이 있다. 트위터, 미투데이, 페이스북과 같이 접근성이 좋은 SNS를 기반으로 하기 때문에 입소문이 빠르고, 실시간으로 편리하게 쇼핑할 수 있기 때문이다. 나날이 커져가는 소셜커머스 시장의 장점에 주목한 것이 ‘티켓프리’의 창립자이자 국내 유일의 금형 기업을 위한 사이트 ‘인포몰드’(http://www.infomold.com)의 신동옥 대표다.인포몰드는 금형 관련 기업을 5,000여개사 보유하고 있는 대한민국 유일의 금형기업을 위한 사이트다. 또한 기업 회원사를 가장 많이 보유하고 있는 탄탄한 회사이기도 하다. 신 대표는 국내 우수한 중소기업들의 히트 상품을 마케팅하기 위해 2011년 3월 티켓프리를 오픈하였으며 소셜커머스 사이트로써는 최초로 중소기업 제품을 취급하기 시작했다.중소기업 제품은 상품의 우수성에 비해 홍보가 잘 되지 않는 편이다. 신 대표는 “우리를 시작으로 대한민국이 중소기업 제품에 대한 인식을 바꿨으면 합니다. 티켓프리는 중소기업의 발전을 위해 노력하는 회사가 되겠습니다. 고객분들께서도 중소기업 살리기에 많은 관심을 보여주셨으면 합니다.”라며 티켓프리의 오픈이 주춤한 중소기업 시장에 활력을 불어넣기를 바라고 있다.중소기업 제품은 탄탄한 기술력과 우수한 품질을 자랑하고 있으나 그에 비해 인지도가 높지 않아 판매에 어려움을 겪고 있다. 정부에서는 품질이 우수하면서도 제품의 인지도와 신뢰성 부족으로 판매에 어려움을 겪고 있는 중소기업제품에 대해 품질을 인증해주는 중소기업 우주제품인증(GQ, Good Quality)를 실시하고 있다. 또한 중소기업 제품 중에는 실험적인 도전정신의 표현으로 톡톡 튀고 실용적인 아이디어 상품도 많아 티켓프리에 어떤 제품이 뜰지 하루하루가 기대된다.티켓프리는 오픈 대박 무료이벤트를 진행 중에 있다. 회원가입 후 상품을 구매한 회원 중에 추첨을 통하여 무료로 상품을 나줘준다. 티켓프리는 또한 오픈 기념 무료이벤트 실시와 함께 중소기업제품을 저렴하게 구입하여 전국 어려운 형편에 처한 가정을 위해 수시로 무상이벤트를 제공하고자 계획하고 있다. 첫 번째 타자는 기능성 비누(천연향으로 민감성피부, 아토피, 여드름에 효과) 약 1,000세트(3개/1세트 기준)가량이 준비되어 주인을 기다리고 있다.최초 중소기업소셜커머스 티켓프리(http://www.ticketfree.co.kr)에서 반값 이상 할인된 가격에 공짜 상품까지 타가는 행운을 누려보자.<본 자료는 해당 업체에서 제공한 보도 자료입니다.>경향신문 ‘오늘의 핫뉴스’  ▶ 분노하는 대한민국…“못된 손님 죽이고 싶다” ▶ 이은미 “저… 남편 있어요” 깜짝 결혼고백!▶ 성교육 시간중 “콘돔 찢어진다”며 손톱을…▶ 金총리 “비 맞아도 된다” … 네티즌들 “너나 맞아라”▶ ‘고양이 괴롭히다 최후맞은 새’ 동영상 화제▶ 면접서 감점 당하는 버릇 1위는? 공식 SNS 계정 [경향 트위터] [미투데이] [페이스북] [세상과 경향의 소통 Khross]- ⓒ 경향신문 & 경향닷컴(www.khan.co.kr), 무단전재 및 재배포 금지〈경향닷컴은 한국온라인신문협회(www.kona.or.kr)의 디지털뉴스이용규칙에 따른 저작권을 행사합니다.〉"
"16","2011.04.21","https://news.naver.com/main/read.naver?mode=LSD&mid=sec&sid1=101&oid=032&aid=0002128926","쿠팡","야놀자티켓, 모텔 예약과 소셜이 뭉쳤다.","
	
	



() {}

	아직도 무작정 제 값 내고 모텔을 이용하세요? 모텔 이용에도 전략이 필요한 시대, 부띠크 모텔에 소셜과 예약이 뭉쳐서 더욱 강해졌다. 전국 80만 회원을 보유한 야놀자 (www.yanolja.com)가 그 해답이다. 이제 야놀자를 알고 있다는 사실 하나만으로 객실요금 할인과 시간연장 등 다양한 혜택을 누리자.이미 티켓몬스터, 쿠팡, 위메프 등 유명 소셜 쇼핑에 중독되어 있다면 야놀자티켓 (ticket.yanolja.com) 을 피해 갈 수 없다. 기본 옵션으로 다양한 상품을 파격적인 가격에 구매할 수 있는 곳, 허나 무엇보다 특급호텔 부럽지 않은 최고급 부띠크 모텔을 40~50% 이상 할인된 가격에 이용할 수 있는 곳으로 더욱 유명하다.야놀자티켓 숙박 분야는 일주일에 한번씩 업데이트 되며, 지난 주는 대전 큐피트 모텔, 송도 1박2일 모텔, 광주 갤럭시 무인텔, 횡성 캐빈타운 펜션 등을 선보였다.  판매 기간이 일주일이지만, 수도권 인기 모텔은 판매와 동시에 마감되는 경우가 잦으므로 방심은 금물이다. 반값에 모텔을 이용할 수 있는 소셜 쇼핑이 마감되었다고 슬퍼하거나 노여워할 필요 없다. 야놀자는 2년연속 종합숙박예약 1위(랭키닷컴 2010년 기준)의 명성에 걸맞게 다양한 콘텐츠로 고객만족도를 높인다. 호텔예약에 도전장을 던진 야놀자식 모텔예약, 고급화된 시설과 서비스가 평준화를 이루며 모텔예약이 새로운 트렌드로 자리 잡았다. 야놀자를 방문하면 예약 가능한 객실 사진과 시설 정보를 미리 확인할 수 있다. “누가 모텔을 예약하고 이용해?” 처음에는 누구도 믿지 못했다. 하지만, 야놀자와 함께라면 모텔예약에 광팬이 되고 만다. 2011년 4월 현재 전국 모텔예약 가맹점 수 198개, 야놀자 모텔 광고 제휴점 수가 529개인 것을 보면 모텔예약을 실시한 지 3개월 만에 거둔 놀라운 성과이다. 야놀자 모텔예약 담당자는 “모텔예약 상담부터 결제, 확인까지 모든 절차를 야놀자에서 처리해 더욱 믿을 수 있다”며 “최근 젊은 층 사이에서 인기인 현명한 모텔이용 방법으로 데이트비용을 절약할 수 있다.”고 말했다.<본 자료는 해당 업체에서 제공한 보도 자료입니다.>경향신문 ‘오늘의 핫뉴스’  ▶ 조용필 “난 국민가수가 싫다”▶ 삼성 갤럭시2 판매 앞두고 80만 ‘안티팬’ 골머리▶ 아이폰5 실행 화면?…애플 새 ‘OS 영상’ 나돌아▶ 남녀 초혼연령 이렇게나 올랐어?▶ ‘슈퍼스타K’ 출신 문전박대…MBC 예능국에 무슨 일이▶ 특전사에서 해병대로… 군대 두번 간 여자! 공식 SNS 계정 [경향 트위터] [미투데이] [페이스북] [세상과 경향의 소통 Khross]- ⓒ 경향신문 & 경향닷컴(www.khan.co.kr), 무단전재 및 재배포 금지〈경향닷컴은 한국온라인신문협회(www.kona.or.kr)의 디지털뉴스이용규칙에 따른 저작권을 행사합니다.〉"
"18","2011.04.27","https://news.naver.com/main/read.naver?mode=LSD&mid=sec&sid1=101&oid=032&aid=0002130295","쿠팡","손대면 터진다! 강호동 외식사업도 승승장구","
	
	



() {}
브랜드 ‘강호동’이 외식업계의 성공 키워드로 떠오르고 있다. 모래판에 이어 연예계를 접수한 강호동은 지난해 12월 자신의 이름을 걸고 외식 프랜차이즈 사업을 시작해 또다시 강호동 열풍을 일으키고 있다. 3개월 만에 전국 주요 상권에 30개 이상의 가맹점이 문을 열었고, 곧 개업할 매장까지 합치면 벌써 50개 점을 훌쩍 뛰어넘는다. 사업을 개시한 지난 연말부터 올 봄까지 경기 침체와 혹한, 국제 정세 불안 등 여러 악재가 겹쳐 외식업계가 움츠렸던 점을 감안하면 가히 폭발적인 반응이라고 볼 수 있다. 강호동이란 브랜드에는 어떤 성공 비결이 있는 걸까무엇보다 한국을 대표하는 대식가로 자리잡은 ‘강호동’이라는 단어에서 오는 친근함과 신뢰감은 음식과 너무나도 잘 어울린다. “강호동이 음식을 먹는 장면만 나와도 절로 식욕이 당긴다”는 것이 사업을 결심한 업주들의 공통된 의견이다. ‘1박2일’이라는 최고 인기 프로그램을 진행하며 전국 별미를 맛 본 강호동이 참여한 음식점이라는 데 무슨 설명이 필요하겠냐는 것이다. 현재 강호동이 경영하는 외식프랜차이즈는 5개. 한우와 제주돈육 등 프리미엄 숯불구이 전문점 678, 갈비찜 등 한국형 슬로우푸드 전문점 678찜, ‘적당한 가격에 최고의 맛’을 컨셉으로 한 서민형 고깃집 백정, 떡볶이∙수제튀김 등 프리미엄 스낵 전문점 강호동천하, 강호동식 치킨 프랜차이즈 678치킨 등이다. 하나같이 한국인이 가장 즐겨먹는 메뉴들이다. 이 같은 메뉴는 유행과 경기 여파를 타지 않고 한국인이라면 부담없이 항상 즐길 수 있고 먹고 싶은 음식이다.다양한 아이템이 있기 때문에 창업자 입장에서도 자신의 취향과 조건에 가장 적합한 아이템을 선택해 강호동이라는 독보적 브랜드를 무기로 사업을 할 수 있다. 가맹점 매출 상승을 위한 마케팅 지원도 한 몫하고 있다. 신규 매장 오픈 시 강호동은 점포를 직접 방문해 팬사인회를 진행하며 고객을 맞는다. 지역 주민에게 자신의 이름을 걸고 질 좋은 음식을 제공할 것을 약속하는 한편 자신을 믿고 함께 사업을 시작한 신규 창업자의 부담을 덜어주는 것이다. 강호동은 오는 1일 678 서래마을점(02-535-0678)과 수원점(031-221-6780), 백정 인천구월점(032-435-4488)에서 팬 사인회를 진행할 예정이다. 또한, 최근 외식업계의 새로운 트렌드로 자리잡은 소셜커머스와 제휴해 대대적인 마케팅도 진행한다. ㈜육칠팔과 쿠팡(www.coupang.com)은 28일부터 5월 1일까지 4일간 백정 전 가맹점에서 3개월간 사용할 수 있는 돼지양념구이 50% 할인 상품권 35,000장을 판매한다. 쿠팡은 별도 CF를 통해 ㈜육칠팔과의 제휴 상품을 홍보할 예정이며, 전국 버스 500개 노선 버스 광고도 진행한다. 한편, 백정은 5월부터 녹차와 셀레늄을 사료에 첨가시켜 사육해 맛과 육질이 좋은 보성 셀녹돈을 선보이다. 한국식품개발원에 따르면 녹차를 먹인 돼지는 일반 돼지에 비해 콜레스테롤과 지방 함량이 일반 돼지보다 최대 30% 적고 보수력이 높다. 보수력은 높을수록 가열 감량이 낮아져 질이 좋은 고기로 판단한다. 업계 관계자는 “타 외식 프랜차이즈가 서울 등 대도시에 본점을 두고 인근 지역으로 점차 확산하는 반면 육칠팔은 강호동이라는 브랜드를 통해 전국 동시다발적으로 확산하며 무서운 상승세를 타고 있다”고 말했다. (문의: 1577-3678)<본 자료는 해당 업체에서 제공한 보도 자료입니다.>경향신문 ‘오늘의 핫뉴스’  ▶ “지성, 죽어도 못보내” 퍼거슨 감독, 이적설에…▶ ‘엄기영 여성 전화홍보원’ 거액 과태료 불가피▶ 싸이월드도 탈퇴회원 정보 계속 쌓아놓고 있네▶ 이지아, 정우성에 직접 사과… 정우성 “아직도 이지아 사랑해”▶ 뉴욕타임즈 “박지성은 소리 없는 영웅이 아닌 진짜 영웅”▶ ‘새차보다 비싼 중고차’ 어떤 차? 공식 SNS 계정 [경향 트위터] [미투데이] [페이스북] [세상과 경향의 소통 Khross]- ⓒ 경향신문 & 경향닷컴(www.khan.co.kr), 무단전재 및 재배포 금지〈경향닷컴은 한국온라인신문협회(www.kona.or.kr)의 디지털뉴스이용규칙에 따른 저작권을 행사합니다.〉"
"20","2011.04.28","https://news.naver.com/main/read.naver?mode=LSD&mid=sec&sid1=101&oid=032&aid=0002130640","쿠팡","소셜커머스 모음 쿠폰차트로 보는 블링크 이론과 칵테일 파티 효과","
	
	



() {}

	
		글래드웰의 주장에 따르면 눈을 깜빡이는데 소요되는 2초 동안의 짧은 순간에 사람들은 자신이 선호하는 내용에 대한 생각을 정리하여 호감을 갖게 된다. 이 2초 동안에 살 것인가, 말 것인가에 대해 소비자들이 선택한다는 것이다. 글래드웰은 이 내용을 토대로 ‘블링크 이론’이라고 했다.또한, 칵테일 파티장에서도 많은 소리들이 귀에 들어오지만 의식되는 정보는 별로 없다. 그러다가 자기 이름을 부르는 소리가 희미하게나마 들리면 돌아보는 현상도 일종의 선택적 지각이다. 특히 칵테일 파티장에서 일어나는 것과 같은 선택적 지각 현상을 '칵테일 파티 효과'라고 한다.이러한 블링크 이론과 칵테일 파티 효과가 소셜커머스 속에서도 일어나고 있다. 티켓몬스터, 쿠팡, 위메이크프라이스, 그루폰, 지금샵 등 많은 소셜커머스의 상품이 리스트로 정렬되지 않고 상품이 하나씩 보여짐에 따라, 소셜커머스 상품 구경에 적응한 사람들은 키워드만으로도 페이지를 닫아버린다. 하지만, 이러한 소셜커머스를 모아둔 메타 소셜커머스(소셜커머스 모음 사이트) 속에서는 또 다른 상품에 대한 기대 심리속에서 블링크 이론과 칵테일 파티 효과가 적절히 섞인채 반응이 일어나고 있다.소셜커머스 모음 1위 쿠폰차트(http://www.couponchart.co.kr)에 따르면, 상품의 세부정보를 하나씩 보여주거나 선택할 수 있는 키워드가 지역 정도밖에 없는 소셜커머스 사이트들보다 키워드와 대표 이미지를 통한 상품을 소개해주는 소셜커머스 모음 사이트에서 페이지 대기현상과 재방문율이 이를 뒷받침 해주는 근거라고 할 수 있다고 한다.하루 20만명이 넘는 방문자가 드나드는 쿠폰차트에서 5분이상 체류중인 방문자는 전체의 35%이며 재방문율 역시 75%를 웃돌고 있다고 한다. 재방문을 통해 5분이상 체류하면서 나열된 소셜커머스 상품들 중에서 보고싶은 상품을 찾는 것을 칵테일 파티에 비유한다면, 소셜커머스 모음 상품들이 칵테일 파티장이며 스크롤을 넘기면서 단 2초이내에 자신이 원하는 상품을 찾아내어 클릭하기까지의 과정이 블링크 이론에 부합한다는 것이다.하루 600여개의 소셜커머스들이 내어놓는 1000여개의 상품들 중에서 소비자가 보이는 반응은 결코 단순히 몇 개의 숫자와 관계성 만으로 표현하기에는 부족하다. 하지만, 최근 소셜커머스가 받고 있는 큰 관심과 그에 따르는 많은 다양한 반응의 시작점으로 설명하기엔 충분하다고 보인다.<본 자료는 해당 업체에서 제공한 보도 자료입니다.>경향신문 ‘오늘의 핫뉴스’  ▶ ‘아이패드2’ 29일 국내출시…‘아이폰4 화이트’는 28일▶ 무서운 ‘퇴근 투표’…넥타이 부대 대거 몰려▶ “주주 위한 ‘병원 주식회사’… 돈 되는 ‘비보험’ 집중할 것”▶ 김연아 ‘오마쥬 투 코리아’ 공개 “가슴 뻥 뚫릴 것”▶ 박지성, 챔스리그서 우치다와의 ‘미니 한일전’도 완승▶ 허각 ‘슈퍼스타K’ 응원했던 여자친구와 결별 공식 SNS 계정 [경향 트위터] [미투데이] [페이스북] [세상과 경향의 소통 Khross]- ⓒ 경향신문 & 경향닷컴(www.khan.co.kr), 무단전재 및 재배포 금지〈경향닷컴은 한국온라인신문협회(www.kona.or.kr)의 디지털뉴스이용규칙에 따른 저작권을 행사합니다.〉"
"22","2011.05.04","https://news.naver.com/main/read.naver?mode=LSD&mid=sec&sid1=101&oid=032&aid=0002132231","쿠팡","소셜커머스 업체, 소비자 보호 가이드라인 ‘속빈 강정’","
	
	



() {}
ㆍ‘통신판매업자’ 규정 쏙 빼 책임 회피ㆍ논란되어온 환불·보상 책임 판매 업체에 또 떠넘기기소셜커머스(서비스 할인권 공동구매제) 업체들이 소비자보호를 위한 가이드라인을 만들기로 했다. 환불을 해주지 않는 데다 일반 소비자들과 달리 푸대접을 받는다는 고객들의 불만이 쏟아지자 자구책을 마련키로 한 것이다. 7일 이내 환불과 피해보상 방안을 마련하겠다는 게 핵심이다.그러나 업체들이 마련한 가이드라인의 구속력이 없다. 또 현재 ‘통신판매중개업자’로 규정돼 있는 약관을 ‘통신판매업자’로 개정하는 조항은 빠져 있다. 단순 중개업자일 경우 자신의 책임을 면탈할 수 있는 여지가 많아 그동안 논란이 됐다. 소셜커머스 업체들의 소비자 구제책마저 ‘속 빈 강정’이라는 지적이 나오는 이유다.5일 한국인터넷기업협회에 따르면 소셜커머스 업체들은 최근 소비자 불만을 해소하기 위한 소비자보호 가이드라인에 합의했다. 이르면 이달 중 가이드라인을 발표한다.가이드라인 제정에는 티켓몬스터, 쿠팡 등 국내 대형 소셜커머스 업체 대부분이 참여했다. 가이드라인 제정은 소셜커머스에서 쿠폰을 구입한 뒤 피해를 호소하는 소비자들이 늘어나면서 업계가 자율적으로 내놓은 대책이다. 한국소비자보호원에 따르면 소셜커머스 관련 소비자 불만 접수건수는 올 1월 89건에서 지난달 184건으로 두 배 이상 늘었다.가이드라인은 소셜커머스 업체들이 ‘전자상거래 등에서의 소비자보호에 관한 법률’에 명시된 ‘(쿠폰) 구매 후 7일 이내 환불규정’을 준수토록 했다. 일부 업체들이 ‘반값 할인’을 미끼로 쿠폰을 판매하면서 환불 기한을 턱없이 짧게 하는 폐단을 막기 위해서다. 소비자가 쿠폰을 유효기간 내에 원활히 이용할 수 있도록 쿠폰 발행 업체에 대한 관리와 지도도 강화하기로 했다. 또 판매업체의 잘못으로 쿠폰을 이용하지 못했을 때는 소비자에게 보상해주기로 했다. 쿠폰 발행 업체들이 쿠폰 고객과 일반 고객을 차별하거나 쿠폰과 다른 서비스를 내놓지 않도록 교육도 시킬 방침이다.그러나 문제의 핵심인 ‘통신판매중개업자’로 규정된 약관을 개정하는 내용은 이번 가이드라인에 빠졌다. 소셜커머스 업체들은 자신은 중개업자에 불과하다며 그동안 환불이나 보상에 대한 책임을 대부분 일선 판매업체에 떠넘겨왔다. 이 때문에 쿠폰을 판매한 뒤 발생하는 문제에 대해 책임을 회피하고 있다는 지적을 받아왔다. 소비자를 보호하고 피해를 구제하려면 약관을 ‘통신판매업자’로 고쳐야 하지만 가이드라인에서는 쏙 뺀 것이다.가이드라인에 담긴 내용도 이미 시행 중이거나 실효성이 없는 것이 대부분이다. ‘7일 이내 환불규정’은 이미 대형 소셜커머스 업체들은 모두 시행 중인 사항이다. 또 쿠폰을 판매할 때 수량이나 유효기간을 쿠폰 발행 업체(판매자)와 공동으로 기획하고 있음에도 불구하고 가이드라인에서는 문제 발생 시 책임소재를 판매자에게 모두 떠넘겼다. 쿠폰 발행 업체에 대한 교육이 가능할지도 의문이다. 소셜커머스 업체들이 난립하면서 구폰 발행 업체 한 곳을 확보하기가 아쉬운 상황에서 교육이 제대로 될지 의문이다.한 업체 관계자는 “무엇보다 가이드라인이 강제성이 없는 업계 자율협약이어서 지키지 않을 경우 제재할 방법이 마땅찮아 효과를 기대하기 어려울 것”이라고 말했다.<송진식 기자 truejs@kyunghyang.com>경향신문 ‘오늘의 핫뉴스’  ▶ 추신수 ‘만취상태’ 음주운전…현지경찰 체포 ▶ 빈라덴 ‘가짜 시신’ 사진에 속은 전세계 언론 ▶ ‘갤럭시S2’ 사흘새 12만대 판매, 2초당 1대…아이폰5는 언제?▶ 고현정前남편 정용진 10일 재혼…이건희 불참▶ 위키리크스, 美 대사의 김영삼·김대중·노무현 평가 공개▶ 대졸 구직자 “연봉, 이정도는 받아야…” 공식 SNS 계정 [경향 트위터] [미투데이] [페이스북] [세상과 경향의 소통 Khross]- ⓒ 경향신문 & 경향닷컴(www.khan.co.kr), 무단전재 및 재배포 금지〈경향닷컴은 한국온라인신문협회(www.kona.or.kr)의 디지털뉴스이용규칙에 따른 저작권을 행사합니다.〉"
"24","2011.05.10","https://news.naver.com/main/read.naver?mode=LSD&mid=sec&sid1=101&oid=032&aid=0002133499","쿠팡","소셜커머스도 ‘통신 판매업자’로 규정","
	
	



() {}
ㆍ교환·환불·보험 등 의무 강화소셜커머스 업체들의 법적지위가 통신판매업자란 경쟁당국의 결정이 내려졌다. 이에 따라 소셜커머스 업체들은 전자상거래소비자보호법상(전상법)의 각종 소비자보호 의무를 이행해야 한다.공정거래위원회는 그동안 논란이 돼온 소셜커머스 업체들의 법적 성격에 대해 이같이 결정, 전상법상 위반행위에 대해 시정명령을 내렸다고 10일 밝혔다.소셜커머스란 트위터나 페이스북, 인터넷 등을 통해 이뤄지는 공동구매를 말한다. 소셜커머스 사업자들은 자신들이 서비스 제공업체와 소비자를 연결하는 통신판매중개업체라고 주장하면서 소비자의 청약철회권 등을 부인해 왔다.공정위로부터 시정명령을 받은 소셜커머스 업체는 5곳으로 티켓몬스터(주식회사 티켓몬스터), 위메이크프라이스(주식회사 나무인터넷), 쿠팡(포워드벤처스엘엘씨 한국지점), 지금샵(주식회사 엠제트케이오알), 헬로디씨(주식회사 마이원 카드)다. 공정위는 이들 업체들에 위법성의 경중과 자진 시정 정도에 따라 2~5일간 쇼핑몰 초기 화면에 시정명령을 부과받은 사실을 공표토록 했다.공정위는 5개 업체가 허위·과장된 사실을 알리거나 기만적인 방법으로 소비자를 유인·거래하는 행위를 했다고 판단, 4500만원의 과태료도 부과했다. 소비자의 이용후기를 임의로 삭제하거나 미용실 이용쿠폰 할인율을 뻥튀기한 사례도 있었다. 회사별 과태료 규모는 마이원카드는 500만원, 나머지 4개 업체는 각각 1000만원이다.5개 소셜커머스 업체는 또 소비자가 한 번에 10만원 이상의 현금결제를 하면 소비자 피해보상보험 계약 등 구매안전서비스를 이용할 수 있도록 해야 하지만 이행하지 않은 것으로 드러났다.공정위 관계자는 “소셜커머스 사업자의 법적 지위를 통신판매업자로 명확히 하고 소비자 보호 의무 위반에 대해 시정조치한 최초의 결정”이라고 말했다. 국내에는 소셜커머스 시장이 급성장하면서 현재 500여개의 사업자가 난립하고 있는 것으로 파악됐다.<오관철 기자 okc@kyunghyang.com>경향신문 ‘오늘의 핫뉴스’  ▶ “김이 아니네” 中·日관광객 많이 사는 상품은?▶ 뽀로로, 알고보니 북한에서 만들어졌네 ▶ 안철수 “대기업의 중소기업 약탈행위 정부가 방조”▶ 79세 섬 노인, 아들 데려다준 뒤 4시간 표류 끝에 구조▶ 김영삼 다혈질, 김대중 외교통, 노무현… ▶ 대졸 구직자 “연봉, 이정도는 받아야…” 공식 SNS 계정 [경향 트위터] [미투데이] [페이스북] [세상과 경향의 소통 Khross]- ⓒ 경향신문 & 경향닷컴(www.khan.co.kr), 무단전재 및 재배포 금지〈경향닷컴은 한국온라인신문협회(www.kona.or.kr)의 디지털뉴스이용규칙에 따른 저작권을 행사합니다.〉"
"26","2011.05.11","https://news.naver.com/main/read.naver?mode=LSD&mid=sec&sid1=101&oid=032&aid=0002133643","쿠팡","소셜데이팅 사이트 ‘미팅 투데이’ 관심 집중","
	
	



() {}
최소 충족인원 모이면 미팅 진행, 참가비용도 1만~3만원대 부담없어우리나라는 지금 소셜커머스 열풍이다. 지난해부터 불기 시작한 소셜커머스 인기는 티켓몬스터와 위메프, 쿠팡 등 우후죽순 생겨나는 사이트들의 치열한 경쟁으로 대변할 수 있다.소셜커머스의 가장 큰 특징은 ‘파격적인 할인가’라는 것. 최소 충족인원이 모였을 때 상품이나 서비스를 반값 또는 그 이하로 구매 할 수 있는 소비자와 톡톡한 광고효과는 볼 수 있는 업체 모두에게 유익한 것이 성공요인이다. 이러한 소셜커머스의 인기 속에 소셜커머스 방식을 활용한 미팅사이트인 미팅투데이(www.meeting2day.com)가 개설되어 화제를 불러일으키고 있다.오프라인 미팅 참여자를 소셜커머스 형식으로 모집하는 것이 특징인데, 최소 충족인원이 모이면 지정일에 미팅이 진행되고 그렇지 못할 경우 미팅이 취소되는 방식이다. 또한 참가비용 1만원에서 3만원대의 부담 없는 가격에 티켓을 구매할 수 있고 만약 인원이 채워지지 않아 미팅이 취소될 경우에는 티켓을 환불을 받거나 다음 기회에 사용할 수 있다.이러한 오프라인 단체미팅 외 마음에 드는 이성에게 온라인으로 프로포즈를 할 수 있고, 결혼정보업체와 비슷한 방법의 매니저미팅 서비스도 진행하고 있어, 매니저를 통한 미팅으로 계약된 횟수만큼 미팅 주선을 보장해 준다.현재 미팅투데이에서는 오는 5월 21일 예정인 첫 번째 오프라인 미팅의 참가자를 모집 중이어서 더욱 관심이 집중되고 있다.<본 자료는 해당 업체에서 제공한 보도 자료입니다.>경향신문 ‘오늘의 핫뉴스’  ▶ “생수 사서 변기에…” 구미 단수 4일째 기막힌 생활▶ ‘신종 폐질환 사망’…어린이도 숨졌었다▶ “노태우 전 대통령 침 놓은 사람은 구당 여제자?”▶ 뽀로로, 알고보니 북한에서 만들어졌네 ▶ 김영삼 다혈질, 김대중 외교통, 노무현… ▶ 대졸 구직자 “연봉, 이정도는 받아야…” 공식 SNS 계정 [경향 트위터] [미투데이] [페이스북] [세상과 경향의 소통 Khross]- ⓒ 경향신문 & 경향닷컴(www.khan.co.kr), 무단전재 및 재배포 금지〈경향닷컴은 한국온라인신문협회(www.kona.or.kr)의 디지털뉴스이용규칙에 따른 저작권을 행사합니다.〉"
"28","2011.05.13","https://news.naver.com/main/read.naver?mode=LSD&mid=sec&sid1=105&oid=032&aid=0002134430","쿠팡","소셜커머스 업계 소비자 보호대책 뒤늦게 부랴부랴","
	
	



() {}
ㆍ통신판매 7일 내 환불 약속소셜커머스 업계가 공정거래위원회로부터 과징금을 부과받고 부랴부랴 소비자 보호대책 마련에 나섰다. 이들 업체는 그동안 ‘통신판매중개업체’라며 쿠폰을 팔기만 할 뿐 사후책임을 지지 않아 소비자들의 반발을 샀다. 그러나 공정위가 단순한 중개업체가 아니라 ‘통신판매업체’로 규정하자 뒤늦게 약관을 고치고 판매책임을 강화하겠다고 나선 것이다.13일 소셜커머스업체 ‘위메이크프라이스(위메프)’는 7일 이내 서비스·상품 환불을 골자로 한 새 사후관리 시스템을 마련했다고 밝혔다. 위메프는 16일부터 거래되는 모든 서비스와 상품에 대해 전자상거래법에 명시된 7일 이내 환불 규정을 지키겠다고 약속했다. 또 문제가 있는 제품의 경우 제품 수령일로부터 최대 3개월까지 환불을 받을 수 있도록 했다. 위메프는 그동안 자신을 ‘통신판매중개업자’로 규정했던 자체 이용약관도 10일 공정위의 조사결과 발표 직후 ‘통신판매업자’로 변경했다. 공정위의 지적에 따라 쿠폰 판매 계약을 맺는 제휴업체와의 거래관행 개선을 위해 제휴업체 전용 콜센터도 설치키로 했다.티켓몬스터, 쿠팡 등 다른 대형 업체들도 공정위 발표 직후 약관을 수정하고 사후대책 마련에 나선 것으로 알려졌다. 소셜커머스 업계는 그간 쿠폰 판매에 열을 올리면서도 사후책임을 외면하는 바람에 여론의 뭇매를 맞았지만 통신판매업자로의 약관 수정을 거부하며 버텨왔다. 지난주 자체적으로 마련한 가이드라인에서도 약관 수정은 빠진 채 시행 중인 대책만 내놓아 비난을 자초했다.그러나 공정위가 쿠폰 판매 후 사후대책 미비와 제휴업체에 대한 불공정 거래 관행을 이유로 과징금과 함께 대책을 마련토록 지시하자 마지못해 응한 것이다.소셜커머스 이용자들 사이에서는 “소비자들의 잇따른 비난에도 아랑곳하지 않던 업체들이 정부의 말 한마디에 꼬리를 내린 꼴”이라고 말했다.한 통신판매업체 관계자는 “소셜커머스 업계가 사후대책을 마련할 수 있는 충분한 시간이 있었음에도 공정위 조사 뒤에야 행동에 나선 것은 소 잃고 외양간 고치는 꼴”이라고 지적했다.<송진식 기자 truejs@kyunghyang.com>경향신문 ‘오늘의 핫뉴스’  ▶ ‘다시 뽑고싶은 대통령’ 2위 노무현…꼴찌는?▶ 20대 알바, 여친과 결별 “연애도 결혼도 포기”▶ “日, 국제공인 지도 통해 대마도 조선땅 인정”▶ 명동 美 관광객 ‘묻지마 테러’ 범인, 알고보니…▶ 아사다 마오, 열애… 상대는▶ ESPN ‘추신수 망신얼굴’ 공개…술 덜깨 초췌  공식 SNS 계정 [경향 트위터] [미투데이] [페이스북] [세상과 경향의 소통 Khross]- ⓒ 경향신문 & 경향닷컴(www.khan.co.kr), 무단전재 및 재배포 금지〈경향닷컴은 한국온라인신문협회(www.kona.or.kr)의 디지털뉴스이용규칙에 따른 저작권을 행사합니다.〉"
"30","2011.05.23","https://news.naver.com/main/read.naver?mode=LSD&mid=sec&sid1=103&oid=032&aid=0002136536","쿠팡","“중고차를 반값에 사세요” 반값 쿠폰 등장","
	
	



() {}

	중고차 전문기업 SK엔카는 24일 오전 10시부터 소셜커머스 업체 쿠팡을 통해 중고차 반값쿠폰 100장을 한정 판매한다고 23일 밝혔다. 쿠폰은 100만원짜리 쿠폰을 50만원에 구입해 SK엔카 홈페이지(www.encar.com)에 등록된 중고차를 구매할 때 이용할 수 있는 쿠폰으로 1인당 최대 5장까지 살 수 있다.먼저 홈페이지에 들어가 원하는 중고차를 찾아 차량을 구입한 뒤 자동차양도증명서 등 관련 서류를 SK엔카에 제출하고 쿠폰 금액만큼 현금을 지급받으면 된다.예컨대 500만원 상당의 2002년식 뉴아반떼XD를 구입하려는 경우 쿠팡에서 중고차 반값 쿠폰 5장을 250만원에 구입하고 관련 서류를 SK엔카에 제출하면 500만원을 받을 수 있기 때문에 반값에 중고차를 마련할 수 있다.단 양도증명서에 표기된 매매금액이 쿠폰 금액보다 낮을 경우의 차액은 지급 또는 환불받을 수 없다. 쿠폰은 구매 후 7일 이내 전액 환불 가능하다. 계가족에게 양도할 수 있으며 유효기간은 6개월이다. 문의는 전화(1599-5455) 또는 SK엔카 홈페이지(www.encar.com)를 참조하면 된다.<디지털뉴스팀 안광호 기자 ahn7874@kyunghyang.com>경향신문 ‘오늘의 핫뉴스’  ▶ 지하철역 20대女 성추행·폭행… 어떻게 이런 ▶ 권양숙 여사, 봉하마을 사저 떠난다… 왜?▶ 새벽3시, 아파트 1층 현관서 20대女 흉기 피살▶ 김여진에 “미친X”… 한나라 자문위원 결국 사퇴▶ 20대 알바, 여친과 결별 “연애도 결혼도 포기”▶ ‘다시 뽑고싶은 대통령’ 2위 노무현…꼴찌는? 공식 SNS 계정 [경향 트위터] [미투데이] [페이스북] [세상과 경향의 소통 Khross]- ⓒ 경향신문 & 경향닷컴(www.khan.co.kr), 무단전재 및 재배포 금지〈경향닷컴은 한국온라인신문협회(www.kona.or.kr)의 디지털뉴스이용규칙에 따른 저작권을 행사합니다.〉"
"32","2011.06.05","https://news.naver.com/main/read.naver?mode=LSD&mid=sec&sid1=105&oid=032&aid=0002139934","쿠팡","소셜 커머스 쿠폰 재판매 극성","
	
	



() {}

	
		소셜 커머스가 판매한 쿠폰이 인터넷에서 재판매되는 사례가 늘고 있다. 환불기간이 1주일 정도로 짧아 쿠폰을 미처 사용하지 못한 이용자들이 ‘울며 겨자 먹기 식’으로 재판매에 나서고 있는 것이다.5일 인터넷 카페 ‘중고나라’ 등 중고물품 거래 사이트에는 하루 수십건씩 소셜 커머스 쿠폰을 재판매하는 글들이 올라오고 있다. 업계 1, 2위인 티켓몬스터와 쿠팡의 쿠폰도 하루 10~20건씩 거래되고 있다. 인기 상품의 경우 원구매가에 팔기도 하지만 대부분은 구매가보다 낮은 값에 내놓는다.쿠폰 재판매 이유는 사용기간을 놓쳤기 때문이다. 반짝 할인 행사를 하는 쿠폰을 제외하면 소셜 커머스가 파는 쿠폰 대부분이 유효기간이 최대 3개월에 이른다. 미용실이나 네일숍 등에는 쿠폰 사용자가 몰려 부득이하게 쿠폰 사용을 연기하다 사용 시점을 놓치는 경우도 많다. 소셜 커머스들이 할인에 따른 수익문제를 이유로 쿠폰 수량이나 유효기간을 최대한 늘리다 보니 생긴 일이다. 위메프의 경우 지난달 22일 고가의 이어폰 할인 구매 쿠폰을 2000개가량 팔았다 실제 확보된 이어폰은 1000개에 불과하자 물품 배송을 석 달까지 미루기도 했다.<송진식 기자>경향신문 ‘오늘의 핫뉴스’  ▶ “이 정도로 내가 병신같을 줄이야”… 軍 이등병 총기 자살▶ 이대통령 ‘내가 해봐서 아는데’ 그만하시라” ▶ 만취 상태로 女환자 침대서 잔 의사, 알고보니▶ 가짜 김여진 등장?… 트위터서 한때 소동▶ 의대생들이 여자 동기 집단 성추행…충격▶ “25살에 대머리될 생각 없어요”… 루니, 극비 모발이식 수술 공식 SNS 계정 [경향 트위터] [미투데이] [페이스북] [세상과 경향의 소통 Khross]- ⓒ 경향신문 & 경향닷컴(www.khan.co.kr), 무단전재 및 재배포 금지〈경향닷컴은 한국온라인신문협회(www.kona.or.kr)의 디지털뉴스이용규칙에 따른 저작권을 행사합니다.〉"
"34","2011.06.13","https://news.naver.com/main/read.naver?mode=LSD&mid=sec&sid1=106&oid=032&aid=0002141647","쿠팡","",""
"36","2011.07.07","https://news.naver.com/main/read.naver?mode=LSD&mid=sec&sid1=101&oid=032&aid=0002147615","쿠팡","차도녀의 완성, 헐리웃 스타일! 코코박&쿠팡에서 만난다","
	
	



() {}
여성의류 쇼핑몰 코코박, 쿠팡 쿠폰 판매 실시헐리우드 스타들의 의상과 액세서리는 우리나라 여성들에게도 큰 영향을 미치고 있다. ‘헐리웃 패션’이라 불리는 이 패션은 스타일리쉬하면서도 과하지 않아 차도녀를 꿈꾸는 여성들에게 많은 사랑을 받고 있다.2007년부터 헐리웃 스타일을 재해석, 재연출하여 선보인 여성의류 쇼핑몰 ‘코코박’(대표 박소은, www.missp.co.kr)은 일 방문자가 10만명에 달할 정도로 인기를 얻고 있다. 유행에 치중하여 계절이 지나면 옷장에서 버림받는 옷이 아닌 활용도가 높아 사시사철 입을 수 있는 여성의류를 선보이는 것도 코코박의 매력.코코박 박소은 대표는 “할인 이벤트와 제휴를 통한 뷰티제품 증정 이벤트 등 고객들의 사랑에 보답하기 위해 노력하고 있다”며 “앞으로도 타 여성의류 쇼핑몰과 차별화 된 상품을 선보이는데 최선을 다하겠다”고 말했다.한편 코코박은 소비자들에게 더 큰 혜택을 주기 위해 소셜커머스 쿠팡과 제휴를 맺고 반값쿠폰 판매를 실시한다. 7일부터 10일까지 나흘간 쿠팡에서 판매되는 코코박 2만원 상품권은 기존가 대비 50% 저렴하며, 1인당 5매까지 구매할 수 있다.코코박의 전 상품을 구매할 수 있으며 코코박 홈페이지에 쿠폰 등록을 한 뒤 적립금처럼 사용하면 된다. 쿠폰 등록기간은 1개월, 사용기간은 3개월이다.반값쿠폰 판매 소식에 코코박 마니아를 자청하는 누리꾼들은 “연예인들이 협찬 받았던 옷을 저도 입을 수 있겠네요”, “여름휴가지에서 헐리웃 패션 뽐내야겠어요”라며 긍정적인 반응을 보이고 있다.코코박 반값쿠폰에 대한 자세한 내용은 쿠팡 홈페이지(www.coupang.com)를 통해 알아볼 수 있다.<본 자료는 해당 업체에서 제공한 보도 자료입니다.>경향신문 ‘오늘의 핫뉴스’  ▶ 최문순 지사, 마지막 순간 PT 제외… 왜? ▶ [사진] 수억원 람보르기니-시내버스 추돌…기사 불쌍 ▶ 김상병, 총 쏜 뒤 소초장에게 “죄송합니다”▶ “차마 못 보겠다” 세상이 경악 ▶ 해운대에 ‘미역 쓰나미’ 왔다!… 엄청난 사진  공식 SNS 계정 [경향 트위터] [미투데이] [페이스북] [세상과 경향의 소통 Khross]- ⓒ 경향신문 & 경향닷컴(www.khan.co.kr), 무단전재 및 재배포 금지〈경향닷컴은 한국온라인신문협회(www.kona.or.kr)의 디지털뉴스이용규칙에 따른 저작권을 행사합니다.〉"
"37","2011.07.07","https://news.naver.com/main/read.naver?mode=LSD&mid=sec&sid1=105&oid=032&aid=0002147786","쿠팡","토종 소셜커머스 거품론 확산","
	
	



() {}
ㆍ업계 1∼2위 쿠팡·티켓몬스터 외국 매각설ㆍ일부 업체 상장 추진에 먹튀 재현 우려까지소셜커머스 업계의 ‘거품론’이 확산되고 있다.국내 1~2위를 다투는 티켓몬스터(티몬)와 쿠팡이 나란히 외국 소셜커머스 업체에 매각될 것이라는 소문이 꼬리를 물고 있다. 상장을 추진 중인 일부 업체는 ‘먹튀’ 논란에 휩싸였다. 상장 후 회사를 팔아치울 것이라는 소문이 나돌고 있어서다. 소비자들에게 공동구매를 알선하며 블루오션을 개척한 소셜커머스 업체들이 뚜렷한 수익모델을 마련치 못한 채 유동성 위기에 몰리고 있는 것이다. 과거 ‘묻지마’ 투자를 부른 IT 거품론이 소셜커머스 업체들에도 남의 일이 아닌 셈이다.7일 티몬과 쿠팡은 업계에 불거진 매각설을 진화하느라 하루 종일 진땀을 흘렸다. 지난해 3월 국내에서 처음으로 소설커머스를 표방하며 영업을 시작한 티몬에 대한 매각설이 먼저 나왔다. 미국 내 2위 소셜커머스 업체인 ‘리빙소셜’에 매각될 것이라는 내용이다. 업계에서는 증권사가 추정한 공모가액 규모를 근거로 티몬의 매각대금이 3000억원에 이를 것이라는 전망을 내놓고 있다.쿠팡도 세계 최대 소셜커머스 업체인 ‘그루폰’에 곧 매각될 것이라는 소문에 휩싸였다. 업계가 예측하는 매각대금은 1500억원 이상이다.두 업체는 “매각 계획이 없다”고 선을 긋고 있다. 계속 성장 중인 사업인데 팔 이유가 없다는 것이다.이들 업체의 매각설은 이번이 처음은 아니다. 그루폰은 지난해 말 한국 진출을 위해 국내 업체를 대상으로 인수 의향을 타진한 것으로 확인됐다.매각설이 끊이지 않는 이유는 소셜커머스의 거품 논란과 무관치 않다.자본금 1000만원으로 시작한 티몬은 올 상반기 매출이 1000억원을 돌파했다고 밝혔다. 급격한 성장세를 보이고 있지만 티몬은 매출액만 공개했을 뿐 영업이익이나 마케팅비용 등 구체적인 영업실적에 대해선 함구하고 있다. 쿠팡도 6월 거래액이 230억원을 기록하며 올 2·4분기 거래액이 전년 동기대비 2배 성장했다고 밝혔다. 그러나 쿠팡 역시 영업실적의 세부내용은 공개하지 않고 있다.소셜커머스 업체들은 매출액의 15~20%에 이르는 수수료에 수익을 전적으로 의존하고 있다. 월 200억원의 매출을 올렸다 해도 실제 수수료 수익은 30~40억원 수준에 불과하다. 업계의 한 관계자는 “업체 간 경쟁을 하느라 매월 쏟아붓는 10억원 내외의 TV 광고비와 온·오프라인 광고비, 직원 월급을 빼면 대부분 소셜커머스 업체는 적자를 내고 있을 것으로 추정된다”고 말했다.티몬이 지난달부터 TV 광고를 중단한 채 최근 미국 은행에서 대출을 받았다.소셜커머스 업체들 중 상당수가 이미 유동성 위기에 직면했다는 분석도 나온다. 세계 최대 소셜커머스 업체인 그루폰의 영업실적도 거품론을 뒷받침하고 있다.6월 발표한 기업공개 자료에 따르면 그루폰은 연간 수억달러의 적자를 보고 있다. 외신들은 “그루폰에 투자하는 것은 도박”이라며 소셜커머스 업계의 거품론을 제기하고 있다.수익은 별로 나지 않는 데 반해 티몬과 쿠팡은 이미 수백억원대의 투자금을 유치한 상태다. 초기에 투자에 나섰던 펀딩 기업들이 수익 개선 여지가 보이지 않자 투자금 회수 차원에서 매각을 서두르고 있다는 분석도 나온다.불투명한 미래에도 불구하고 일부 소셜커머스 업체는 증시 상장을 추진 중이다.업계 관계자는 “일부 소셜커머스 업체들이 증시 상장 후 회사를 팔아 이익을 챙기는 전형적인 닷컴기업의 ‘먹튀’ 관행을 되풀이할 가능성이 있다”고 밝혔다.<송진식 기자 truejs@kyunghyang.com>경향신문 ‘오늘의 핫뉴스’  ▶ 네티즌 “김주하 앵커의 눈물, 무서웠다”… 왜? ▶ 김상병, 총 쏜 뒤 소초장에게 “죄송합니다”▶ 최문순 지사, 마지막 순간 PT 제외… 왜 ▶ “차마 못 보겠다” 세상이 경악 ▶ 해운대에 ‘미역 쓰나미’ 왔다!… 엄청난 사진  공식 SNS 계정 [경향 트위터] [미투데이] [페이스북] [세상과 경향의 소통 Khross]- ⓒ 경향신문 & 경향닷컴(www.khan.co.kr), 무단전재 및 재배포 금지〈경향닷컴은 한국온라인신문협회(www.kona.or.kr)의 디지털뉴스이용규칙에 따른 저작권을 행사합니다.〉"
"39","2011.08.02","https://news.naver.com/main/read.naver?mode=LSD&mid=sec&sid1=101&oid=032&aid=0002154169","쿠팡","색다른 낙산페스티벌, 쿠팡에서 반값으로 즐기자!","
	
	



() {}
낙산페스티벌쿠팡, 낙산 비치썸머파티 낙산페스티벌 입장권 50% 할인가에 판매본격적인 여름휴가철이 되면서 그 동안 쌓였던 스트레스도 풀고 좋아하는 음악도 듣기 위해 뮤직 페스티벌을 찾는 사람들이 늘고 있다. 락 마니아들을 위한 페스티벌이 지산밸리와 인천에서 열리며, 누구나 즐길 수 있는 색다른 뮤직 페스티벌도 열릴 예정이다.오는 8월 5일부터 이틀간 낙산해수욕장에서 개최되는 <2011 낙산 비치썸머파티 낙산페스티벌>에는 국내 최정상 실력파 뮤지션 및 아티스트들이 대거 출연한다. DJ DOC와 노라조, UV, 노브레인, 리쌍, 크라잉넛, 올라이즈밴드, 김태우 등의 공연이 준비되어 있으며, DJ KOO, 춘자, 백엔포스, DJ pumkin, DJ son, primary, DJ wegun, host MC yumdda 등과 함께 하는 클럽타임도 마련되어 있다.또 방송인 LJ이주연의 사회로 비키니 콘테스트, 섹시 댄스 경연대회, 맥주 섹시하게 먹기 대회 등 다양한 이벤트도 진행된다.2011 낙산 비치썸머파티 낙산페스티벌 관계자는 “작년 위크앤티에는 약 4만 명의 관객들이 방문하여 뜨거운 열기 속에서 축제를 즐겼다”며 “올해도 탄탄한 라인업과 다양한 이벤트가 준비되어 있는 만큼, 많은 이들에게 기억에 남는 축제가 될 것이다”라고 전했다.한편 지난 28일까지 2011 낙산 비치썸머파티 티켓을 50% 할인 판매한 소셜커머스 ‘쿠팡’에서는 고객의 요청에 의해 2차 할인판매가 진행 중이다. 낙산페스티벌과 쿠팡의 제휴를 통해 티켓을 50% 할인된 가격인 44,000원(1일권, 정가 88,000원)과 77,500원(2일권, 정가 155,000원)에 만날 수 있다. 할인티켓은 오는 8월 4일까지 구매할 수 있다.2011 낙산 비치썸머파티 낙산페스티벌에 관한 일정은 홈페이지(www.naksanfestival.com)에서 자세하게 알아볼 수 있다.<본 자료는 해당 업체에서 제공한 보도 자료입니다.>경향신문 ‘오늘의 핫뉴스’  ▶ 미국까지 진출한 ‘예수천국-불신지옥’… 미국인 깜짝▶ 서울대 기숙사 맨홀 ‘폭발’… 충격 영상 ▶ 신세대 패션… 정말 기가 막혀 ▶ 여름철 ‘최악의 패션’ 1위는? ▶ 이혼女들, 첫 남편 선택때 가장 큰 실수는  공식 SNS 계정 [경향 트위터] [미투데이] [페이스북] [세상과 경향의 소통 Khross]- ⓒ 경향신문 & 경향닷컴(www.khan.co.kr), 무단전재 및 재배포 금지〈경향닷컴은 한국온라인신문협회(www.kona.or.kr)의 디지털뉴스이용규칙에 따른 저작권을 행사합니다.〉"
"40","2011.08.02","https://news.naver.com/main/read.naver?mode=LSD&mid=sec&sid1=105&oid=032&aid=0002154355","쿠팡","소셜커머스 1위 티켓몬스터, 미국 업체 리빙소셜에 매각","
	
	



() {}

	
		국내 소셜커머스 1위 업체인 티켓몬스터가 미국 소셜커머스 업체 리빙소셜에 매각됐다.티켓몬스터는 2일 국내시장 진출을 추진해온 리빙소셜과 인수합병 계약을 체결했다고 밝혔다. 티켓몬스터는 신현성 대표(26)가 지난해 5월 설립한 국내 최초의 소셜커머스 업체다. 소셜커머스 붐을 타고 1년여 만에 월 거래액 규모가 200억원으로 늘어나며 급성장했다.리빙소셜은 그루폰에 이어 전 세계 소셜커머스 시장점유율 2위를 차지하고 있는 업체다. 세계 22개국에 진출했으며, 기업 가치는 약 40억달러 규모다. 올해 아마존으로부터 1억7500만달러를 투자받기도 했다. 이번 인수는 아시아 시장 공략을 확대하는 차원에서 이뤄졌다는 분석이 나온다.두 업체는 구체적인 매각 가격과 조건은 밝히지 않았다. 업계에서는 티켓몬스터의 주식 공모가 평가액이 3000억원가량인 점을 들어 회사 주식의 절반을 가진 신 대표가 수백억원 이상의 매각 차익을 얻었을 것으로 추정하고 있다.매각 후에도 티켓몬스터 임직원들은 종전처럼 업무를 계속할 방침이다. 티켓몬스터 신현성 대표는 “매각 조건에 고용 승계와 경영전략 유지 등의 조건이 포함됐다”며 “현 경영진의 독자적인 의사결정권과 자율성을 유지하며 아시아 시장 확대 전략도 계속 추진한다”고 밝혔다.티켓몬스터 매각설은 지난해 9월부터 불거졌지만 신 대표는 번번이 매각설을 부인해왔다. 그는 적자운영에 대한 주변의 우려에도 불구하고 TV 광고 등을 통해 거래규모를 늘렸다.업계 한 관계자는 “신 대표가 매각 가격을 높이기 위해 외형을 키우는 데 주력한 것으로 보인다”며 “결과적으로는 업체 간 과다·출혈경쟁을 유발해 업계 전체에는 좋지 않은 영향을 줬다”고 말했다.티켓몬스터 매각을 계기로 쿠팡 등 업계 2, 3위 업체에 대한 매각설도 무게가 실리게 됐다. 국내에는 이미 소셜커머스 세계 1위 업체인 그루폰이 진출해 있어 국내시장이 외국 업체에 모두 넘어갈 수 있다는 분석이 제기되고 있다.최근 1년간 400여개 업체가 난립하며 혼전 양상을 보여온 소셜커머스 시장이 재편될 것이라는 전망도 나온다.<송진식 기자 truejs@kyunghyang.com>경향신문 ‘오늘의 핫뉴스’  ▶ 미국까지 진출한 ‘예수천국-불신지옥’… 미국인 깜짝▶ 서울대 기숙사 맨홀 ‘폭발’… 충격 영상 ▶ 신세대 패션… 정말 기가 막혀 ▶ 여름철 ‘최악의 패션’ 1위는? ▶ 이혼女들, 첫 남편 선택때 가장 큰 실수는  공식 SNS 계정 [경향 트위터] [미투데이] [페이스북] [세상과 경향의 소통 Khross]- ⓒ 경향신문 & 경향닷컴(www.khan.co.kr), 무단전재 및 재배포 금지〈경향닷컴은 한국온라인신문협회(www.kona.or.kr)의 디지털뉴스이용규칙에 따른 저작권을 행사합니다.〉"
"42","2011.09.20","https://news.naver.com/main/read.naver?mode=LSD&mid=sec&sid1=101&oid=032&aid=0002164377","쿠팡","여성의류 쇼핑몰 1위 스타일난다, 반값할인을 쿠팡하다!","
	
	



() {}

	이번가을에는 알뜰하게 여성의류 쇼핑몰1위‘스타일난다’(www.stylenanda.com) 에서 가을 옷을 장만해보자.  20일 소셜커머스‘쿠팡’과 함께 여성의류 쇼핑몰 업계 1위(랭키닷컴순위기준)의 ‘스타일난다’가 50%할인 이벤트를 진행한다는 소식이다.‘쿠팡’에서는 20일부터 ‘스타일난다’ 사이트에서 사용할 수 있는 2만원의 자유이용권 쿠폰을 50% 할인한 가격인 1만원에 판매할 예정이다. 이 자유이용권은 1인당 최대 5매까지 구매가능하며, 브랜드 및 셀프케어(고데기 제외) 카테고리를 제외한 전 상품에 사용 가능하다. 특히 스타일난다’ 사이트에 적립금처럼 등록하여 언제든지 사용할 수 있다는 점이 눈길을 끈다.‘스타일난다’는 여성의류 쇼핑몰 업계에서 가장 잘 나간다고 해도 과언이 아닐 정도로 많은 사랑을 받고 있는 인기 쇼핑몰이다.  2005년에 오픈한 ‘스타일난다’는 의류와 더불어 패션 아이템을 판매하는 패밀리 사이트 ‘난다걸’을 오픈하면서 사업 규모를 확장했으며, 뒤이어 라운지웨어를 판매하는 ‘세미난다’를 오픈하면서 여성의류 쇼핑몰 업계 중 하나의 기업으로 성장하였다. 2009년에는 코스메틱 브랜드 ‘3 concept eyes’를 런칭하여 많은 여성들이 열광하는 패션과 뷰티라는 두 마리 토끼를 잡았다.‘스타일난다’는 현재 가을 시즌을 맞아 새로운 상품들을 선보이고 있다. 편안함과 보온성을 갖추면서도 ‘스타일난다’만의 개성 있고 시크한 아이템들을 입고해 판매 중이다. 
이번 가을 남다른 패션 감각을 지닌 여성으로 거듭나고 싶다면 ‘쿠팡’에서 진행하는 ‘스타일난다’ 반값할인 이벤트를 놓치지 말아야 할 것이다.이벤트에 대한 자세한 사항은 쿠팡 홈페이지(www.coupang.com)를 통해 확인할 수 있다.<본 자료는 해당 업체에서 제공한 보도 자료입니다.>경향신문 ‘오늘의 핫뉴스’  ▶ [포토뉴스] 눈썹에 ‘문신’한 홍준표 대표! ▶ 일본에 0-3 져도… “한국이 사실상 승리” ▶ 무지개 염색!… 안철수 ‘충격 사진’ 화제 ▶ ‘변심한 여친’ 집 침입했다가 새 남친과…▶ 해외호텔서 한 방에… 남녀 승무원, 결국 공식 SNS 계정 [경향 트위터] [미투데이] [페이스북] [세상과 경향의 소통 Khross]- ⓒ 경향신문 & 경향닷컴(www.khan.co.kr), 무단전재 및 재배포 금지〈경향닷컴은 한국온라인신문협회(www.kona.or.kr)의 디지털뉴스이용규칙에 따른 저작권을 행사합니다.〉"
"44","2011.12.12","https://news.naver.com/main/read.naver?mode=LSD&mid=sec&sid1=101&oid=032&aid=0002182050","쿠팡","온라인 쇼핑족 날로 증가…‘스마트 깜짝 세일’","
	
	



() {}

	
		경기불황과 맞물려 온라인 쇼핑을 즐겨 찾는 이들이 날로 늘고 있다. 신세계 유통산업 연구소는 최근 ‘2012년 유통업 전망보고서’를 통해 내년도 온라인 쇼핑몰 성장치가 올해 대비 20% 가까운 급등세를 보일 것이라고 전망했다. 온라인 유통시장이 점차 대중화하면서 각종 세일 할인 혜택을 소비자들에게 제공하고 있기 때문이다.특히 ‘스마트폰 사용자 2000만명 시대’를 맞아 쇼핑에 필요한 시·공간적 제약이 크게 줄어들면서 정보를 신속하게 수집하고 취사선택하는 이른바 ‘온라인 스마트 쇼핑’이 각광을 받고 있다.경기 용인에 사는 주부 이모씨(37)는 최근 자녀를 위한 전집 50권 세트를 6만9000원에 온라인을 통해 구입했다. 비슷한 수준의 유아·초등학생용 전집류가 40만~60만원대라는 점을 감안하면 파격적인 가격이다. 낱권으로 환산하면 한 권에 약 1400원꼴이다. 온라인 쇼핑을 통해 가격면에서 만족할만한 상품을 찾아 장만한 것이다.이씨가 구매한 전집은 매주 월요일과 수요일 오전 10시부터 오후 10시까지 온라인을 통해 각각 다른 종류의 전집을 한정 파격가에 판매하는 ‘참좋은 기탄전집 보급이벤트’를 통해 구매했다. 이씨는 평소 너무 비싼 전집류 가격 때문에 구매를 망설였지만 이 이벤트 정보를 보고 곧장 전집 출판사인 기탄교육 홈페이지를 찾았고 이후 필요한 전집만을 골라 스마트폰으로 예약해 한정된 제품을 배송받을 수 있었다.이 같이 한정된 시간에 선착순으로 제품을 판매하는 방식인 ‘플래시 세일’은 이미 온라인 유통가에서 대표적 할인 마케팅으로 자리매김한 지 오래다.각종 생필품을 싼값에 구매할 수 있는 품목세일도 소비자들에게 인기를 얻고 있다. 최근 이마트의 인터넷 쇼핑몰인 ‘이마트몰’에서는 ‘타임세일’이라는 코너를 운영해 사이트를 찾는 이들에게 주목을 받고 있다. 이 세일 방식은 한달 간 온라인에서 진행될 특가 판매 품목 일정을 미리 공개한 후 해당 일자와 시간에 한정된 수량을 선착순 판매하는 것으로 부지런한 온라인 쇼핑족들이 즐겨 찾고 있다.또 ‘플래시 세일’만을 고집하는 전문 웹사이트들도 늘고 있다. 이 중 프라이빗 라운지(privatelounge)와 글램라이프(glamlife) 등은 명품 플래시 세일을 회원제로 운영하고 있다. 할인율은 40~90%에 이른다.새로운 온라인 할인 판매 형태인 소셜커머스도 대중의 활용도가 높아지면서 온라인 쇼핑분야의 한 몫을 차지하고 있다. 소셜커머스란 트위터나 페이스북 등 소셜네트워크서비스(SNS)를 활용하는 것으로, 일정 수 이상의 구매자가 모이면 파격적인 할인가로 상품을 판매하고 있다. 국내 소셜커머스 업체인 쿠팡과 티켓몬스터는 ‘쿠팡타임’과 ‘티몬나우’라는 코너를 운영, 매일 특정 시간에만 적용되는 할인 쿠폰을 제공하고 있다. 또 ‘오늘의 반값’ 프로그램에서는 매일 다른 상품을 특가에 선보이고 있어 정보에 빠르고 발품을 파는 쇼핑족들에게 인기를 끌고 있다. 이밖에 그루폰코리아, 위메이크프라이스 등 상위 소셜커머스 업체들도 시간을 다투는 온라인 이벤트 특가 상품을 연이어 선보이고 있다.기탄교육 관계자는 “온라인 채널 판매는 유통마진을 줄여 이를 소비자 혜택으로 돌려 줄수 있다”면서 “시·공간 제약이 오프라인 유통라인보다 덜해 앞으로 더욱 활발해질 것”이라고 말했다.<디지털뉴스팀 손재철 기자 son@kyunghyang.com>[경향블로그][알파레이디리더십] KAIST 정재승 ""SNS와 프렌드십 마케팅"" [이해영의 ‘굿나잇&굿럭’] ‘여자’, 명품, 자유무역협정 [주간경향] 당신의 통신비가 비싼 ‘진짜 이유’ [유병선의 ‘보노보 세상’] 모바일 스트레스 [전병역의 시대잡설] 스마트폰, IT기기들 디자인 비교해보니 [유인경의 ‘수다의 힘’] 새로운 권력, 트위터 [안티 재테크] 빚상환에 수년간 ‘눈물의 살림’  공식 SNS 계정 [경향 트위터] [미투데이] [페이스북] [세상과 경향의 소통 Khross]- ⓒ 경향신문 & 경향닷컴(www.khan.co.kr), 무단전재 및 재배포 금지〈경향닷컴은 한국온라인신문협회(www.kona.or.kr)의 디지털뉴스이용규칙에 따른 저작권을 행사합니다.〉"
"45","2011.12.12","https://news.naver.com/main/read.naver?mode=LSD&mid=sec&sid1=102&oid=032&aid=0002182059","쿠팡","올해 네이버 사전 최다 검색어는?","
	
	



() {}

	
		올해 포털사이트 네이버의 사전 서비스에서 가장 많이 검색된 단어는 한자어 ‘배상’(拜上)이었던 것으로 집계됐다. 12일 NHN이 발표한 ‘2011년 인기검색어’(1~11월)에 따르면 편지 말미에 자기 이름 뒤에 쓰는 ‘절하며 올린다’는 뜻의 ‘배상’이 네이버의 사전 서비스 검색 순위에서 1위에 올랐다.이어 ‘패러다임’이 2위를 차지했으며 4자성어 ‘토사구팽’(兎死狗烹), ‘와신상담’(臥薪嘗膽), ‘딜레마’가 뒤를 이었다. 각 서비스를 아우르는 최고 인기 검색어로는 소셜커머스인 ‘쿠팡’과 방송 프로그램 ‘나는가수다’가 각각 PC와 모바일에서 1위에 올랐다.PC에서는 ‘티켓몬스터’도 2위에 올라 소셜커머스에 대한 네티즌들의 관심을 반영했으며 ‘나는 가수다’(3위), ‘슈퍼스타K3’(7위) 등 오디션 방식의 프로그램과 ‘나는 가수다’의 스타 임재범(10위)도 톱10에 들었다. ‘갤럭시S2’와 ‘아이폰5’는 각각 6위와 8위에 올라 IT 기기에 대한 관심이 높았던 것으로 집계됐으며 이외에 ‘드림하이’(4위), ‘테라’(5위), ‘이지아’(9위)가 10위 안에 들었다.오디션 프로그램의 인기는 모바일 검색에서 특히 눈에 띄었다. 1위인 ‘나는가수다’ 외에도 ‘울랄라세션’과 ‘슈퍼스타K3’가 각각 2위와 4위에 올랐다. ‘아이폰5’는 3위에 올랐으며 5~7위는 ‘웹툰’, ‘이지아’, ‘쿠팡’이 차지했다. 이어 ‘카카오톡’, ‘송지선’, ‘목욕의 신’이 10위 안에 들었다.분야별로는 ‘아프니까 청춘이다’가 책 부문 1위에 올랐으며 영화와 드라마 부문에서는 각각 각각 ‘써니’와 ‘드림하이’가 수위에 올랐다. 공연 중에서는 ‘지킬앤하이드’가, 백과사전 서비스에서는 ‘수양대군’이 각각 가장 많이 검색된 단어로 집계됐다.연령별로는 20대에서는 등록금 문제에 대한 높은 관심을 반영하듯 ‘한국장학재단’이 1위에 올랐고 30대는 ‘부동산’, 40대는 ‘나라장터’, 50대는 ‘신문’이 각각 수위에 올라 세대별로 관심사가 달랐다.<디지털뉴스팀>경향신문 ‘오늘의 핫뉴스’  ▶ 공지영 “김제동, 고발 때문에 너무…” ▶ 조국 교수도 고발 당했다▶ ‘식인 바나나’ 공포… “사람 살 파먹는다”▶ 울릉경비대장, 무릎 꿇고…▶ “헤어지기 싫어” 콘돔에 구멍 내 임신, 결국…  공식 SNS 계정 [경향 트위터] [미투데이] [페이스북] [세상과 경향의 소통 Khross]- ⓒ 경향신문 & 경향닷컴(www.khan.co.kr), 무단전재 및 재배포 금지〈경향닷컴은 한국온라인신문협회(www.kona.or.kr)의 디지털뉴스이용규칙에 따른 저작권을 행사합니다.〉"
"47","2012.06.01","https://news.naver.com/main/read.naver?mode=LSD&mid=sec&sid1=105&oid=032&aid=0002223044","쿠팡","쿠팡·티몬 등 SNC “미사용 쿠폰 환불은…프렌차이즈 불가?”","
	
	



() {}

	국내 주요 소셜커머스 업체들이 1일부터 ‘미사용 할인쿠폰’에 대한 환불제도를 전면 시행했다. 이날 쿠팡과 티켓몬스터, 그루폰은 미사용 쿠폰에 대해 구매가의 70%까지 캐시를 적립금으로 되돌려 주는 ‘미사용 쿠폰 환불제’를 도입한다고 밝혔다. 다만 환불 시스템 완비가 어렵거나 취소규정이 별도로 적용되는 대형 프렌차이즈와 여행, 공연, 컬쳐 상품은 제외됐다.업체별 환불 방식은 대부분 동일하나 환불액을 해당 고객에게 지불하는 시점에 따라 차이가 있다. 이 중 쿠팡의 환불제는 쿠폰 유효기간 종료 후 3일 내로 사이버 머니가 입금되는 방식을 취했다. 고객이 따로 신청하지 않아도 적정 기간이 지나면 캐시가 자동 환불되는 구조다. 이밖에 그루폰은 유효기간 만료 후 4일째 되는 날 환불이 적립되며 티켓몬스터는 기간 종료 후 7일째 날 해당 금액이 고객 아이디 계정으로 적립된다. 환불 경과 일정으로만 보면 티몬이 상위 3개 업체 중 가장 늦게 진행된다.  소셜커머스가 발행하는 할인 쿠폰이란 한시적 유효 기간을 갖춘 티켓 상품들로 기간이 지나면 할인 적용도 끝나 소비자 불만 사례가 이어졌다. 이런 가운데 공정거래위원회는 지난 2월 소셜커머스 환불 규정을 두고 쿠팡 등 국내 소셜커머스 상위 5개사에 대해 유효기간이 지나도 환불을 받을 수 있도록 업체 이용 약관을 상반기 안으로 시정하라고 요구했다. 당시 공정위에 따르면 소셜커머스에서 구입한 쿠폰을 제 때 사용치 못해 비용만 날린 미사용률은 전체 거래액 대비 12.6%에 달했다. 소셜커머스에서 티켓을 구매한 8명 중 1명이 쿠폰을 사용치 못한 것이다. 지난 2년 동안 소셜커머스 시장은 각종 매체 광고를 앞세워 인지도와 몸집을 키워왔지만 환불 조치 등을 비롯한 소비자 피해 건 수는 줄어들지 않고 있다는 평가를 받고 있다.한 유통업계 관계자는 “소셜커머스 상품에 대한 미사용 쿠폰 환불제 도입은 시기적으로 너무 늦은 감이 있다”며 “SNC 시장은 수 천억 단위로 커져 왔지만 정작 소비자를 보호할 장치는 아직도 턱 없이 부족하다”고 지적했다. 또 이번 미사용 쿠폰 환불제 시행 방식에 대해 “업체들은 시스템이 복잡하고 번거롭다는 이유로 대형 프렌차이즈 쿠폰의 경우는 아예 미사용 환불 대상에서 제외 시켜주고 있는 실정”이라며 “더욱이 이 같은 내용을 제대로 알려주는 업체는 손에 꼽을 정도”라고 말했다. 이에 대해 쿠팡 측은 “소셜커머스 업체들이 내놓는 상품들은 특성상 고객들이 딜에 참여할 것이라는 약속에 의해 성립되는 것”이라며 “쿠팡의 미사용율은 전체 거래액으로 보면 1% 미만이나 구매가의 70% 환불조건을 받아 들인 것은 소비자를 최대한 배려한 측면이다”고 말했다. 이어 소셜커머스 업계의 환불제 시행이 늦어진 점에 대해 “참여한 5개사 모두 자동화 환불 시스템을 개발하는데 많은 시간이 소요된 것으로 안다”며 “계약 파트너사 간에 환불 규정 조율도 (시간이)필요했다”고 밝혔다.<손재철 기자 son@kyunghyang.com>경향신문 ‘오늘의 핫뉴스’  ▶ “유치장 여성4명, 브래지어 벗으라 했다가”▶ [속보] 이재오, 노무현 묘소 참배… 방명록에▶ '데이트 비용' 90만원 낸 남성… 女 붙잡고▶ '수시로 마시는 ‘1회용 커피’… 이럴수가'▶ 남자 대학생 50% ‘성경험’… 여대생은? 모바일 경향 [New 아이폰 App 다운받기!] | 공식 SNS 계정 [경향 트위터] [미투데이] [페이스북] [세상과 경향의 소통 Khross]- ⓒ 경향신문(www.khan.co.kr), 무단전재 및 재배포 금지〈경향신문은 한국온라인신문협회(www.kona.or.kr)의 디지털뉴스이용규칙에 따른 저작권을 행사합니다.〉"
"49","2012.06.18","https://news.naver.com/main/read.naver?mode=LSD&mid=sec&sid1=106&oid=032&aid=0002227223","쿠팡","",""
"51","2012.08.01","https://news.naver.com/main/read.naver?mode=LSD&mid=sec&sid1=101&oid=032&aid=0002240836","쿠팡","유통업계 폭염 덕에 ‘선방’","
	
	



() {}
ㆍ에어컨 등 판매 증가로 예상보다 매출 감소 줄어찌는 듯한 무더위가 반가운 곳이 있다. 유통업계다. 그동안 내수 위축으로 실적이 부진했던 대형마트 등이 지난달 시작된 폭염 때문에 매출을 쑥쑥 늘리고 있는 것이다. 대형마트들은 당초 7월 매출이 지난해 같은 기간에 비해 두 자릿수 이상 줄어들 것으로 예상했다. 내수 부진에다 대형마트 의무휴일 등이 겹쳐 상황이 좋지 않은 탓이다. 그러나 1일 7월 매출을 잠정 집계해 보니 지난해에 비해 6~7% 정도 줄어든 것으로 나타났다. 당초 예상보다 선방한 것이다. 실제로 마트 3사는 지난 4월(-2.4%)부터 5월(-5.7%), 6월(-7.2%) 등 연속 3개월간 전년 대비 매출이 감소했다.그러나 날씨 변수가 생기면서 실적은 지난달 후반부터 살아났다.이마트는 지난달 1~20일 매출이 전년보다 11.7%나 줄었다가 하순(21~31일)에는 5.8% 늘었다. 매월 하순 매출 비중이 전체의 60% 이상으로 크다 보니 전체 7월 성적은 마이너스 7.3% 수준을 냈다. 롯데마트도 1~19일 전달 동기 대비 13.4%까지 감소했으나 20~30일 0.3% 신장하고 31일 하루 0.5%나 늘면서 지난달 전체 매출이 마이너스 6.9%에 그쳤다. 당초 예상치(7.4%)보다 크게 준 것이다.막판 열흘의 ‘반전’이 가능했던 것은 찜통더위에 올림픽 야식 특수가 한몫했다. 에어컨과 맥주·생수가 효자였다.지난달 이마트는 에어컨 매출이 25.4%, 선풍기는 17.2%, 맥주는 8.7%, 아이스크림은 6.2% 늘었다. 롯데마트도 지난달 20일 이후 에어컨이 전년보다 173.3% 더 팔렸고 맥주(14.1%)와 생수(13.5%)도 10% 이상 늘었다.한 대형마트 관계자는 “20일 이후 매장을 방문한 고객 수도 전년보다 10% 이상 늘었다”면서 “더위로 인한 매출 증가가 없었다면 7월 전체적으로 두 자릿수 매출 감소가 불가피했을 것”이라고 말했다.가전전문점 하이마트도 폭염 특수를 누리고 있다. 지난달 29일에는 전국 315개 매장에서 팔린 에어컨이 1만4774대였다. 매장당 46.9대씩 판 셈이다. 하루 판매량으로는 신기록이다. 에어컨의 판매 급증 덕분에 이날 전체 가전 판매금액은 310억원으로 하루 최대치를 기록했다. 소셜커머스 쿠팡은 폭염이 시작된 7월 한 달간 쿨매트를 2만1000개 팔았다. 5~6월에는 한 달 평균 1만2000여개에 그쳤다. 7월 중순 판매를 시작한 한강 야외 수영장 입장권은 9일 만에 3만8704장이 팔렸고, 같은 기간 경기 이천의 물놀이 테마파크 입장권도 1만5000장 전량 매진됐다. 김수현 쿠팡 영업본부장은 “7월에 사이트 방문자 수가 5~6월 대비 20%가량 늘었다”면서 “폭염에 외출 대신 실내에서 인터넷으로 쇼핑을 한 고객이 많았던 것으로 보인다”고 말했다.<김보미 기자 bomi83@kyunghyang.com>경향신문 ‘오늘의 핫뉴스’  ▶ 독일 언론도 '범죄로 딴 은메달'… 오심 맹비난 ▶ '무슨 염치로'… 조준호 판정번복 심판, 또▶ ‘클럽서 10대女 성폭행’…문화부 공무원 기소▶ 박근혜, 드디어… 안철수에 ‘첫 직격탄’▶ ‘멈춰버린 1초’ 심판 바바라 차르 신상 공개 파문 모바일 경향 [경향 뉴스진(News Zine) 출시!] | 공식 SNS 계정 [경향 트위터] [미투데이] [페이스북] [세상과 경향의 소통 Khross]- ⓒ 경향신문(www.khan.co.kr), 무단전재 및 재배포 금지〈경향신문은 한국온라인신문협회(www.kona.or.kr)의 디지털뉴스이용규칙에 따른 저작권을 행사합니다.〉"
"53","2012.10.22","https://news.naver.com/main/read.naver?mode=LSD&mid=sec&sid1=101&oid=032&aid=0002263634","쿠팡","카드업계 꼴찌, 하나SK카드의 '반란'","
	
	



() {}

	
		꼴찌의 반란이 시작됐다. 카드업계 꼴찌인 하나SK카드가 새로운 시장인 모바일카드에서 독보적인 성장을 보이며 대형 카드사를 위협하기 시작한 것이다.22일 하나SK카드는 모바일카드 발급 수가 50만장을 돌파했다고 밝혔다. 이는 국내 카드사 가운데 처음으로 근거리무선통신(NFC)기반 모바일카드 부문에서 세계적으로도 유래가 없는 수치다. NFC기반 모바일카드는 스파트폰에 탑재되는 금융 유심(USIM)칩에 신용·체크카드 정보를 넣어 결제하는 방식이다.하나SK카드의 모바일카드 이용금액은 매월 30%이상 성장해 9월말 현재 약 300억원으로 작년 동기 이용금액의 400%에 달하는 것으로 나타났다. 하나SK카드 관계자는 다음달 중으로 월 이용금액이 100억원을 돌파할 것으로 예상했다.모바일카드 시장의 관건은 모바일카드를 인식하는 모바일 단말기가 설치된 가맹점을 확대하는 것이다. 하나SK카드는 온·오프라인 모바일카드 가맹점 확대로 시장을 개척해 가겠다는 입장이다. 하나SK카드는 이마트·홈플러스·롯데마트 등 대형마트와 편의점에 이어 지난달 현대백화점과 제휴를 맺고 모바일결제 서비스를 시작했다. 11번가·옥션·G마켓은 온라인 쇼핑몰과 티켓몬스터·쿠팡 등 대부분의 모바일 쇼핑몰이 하나SK카드와 제휴를 맺고 있다.하나SK카드의 움직임에 대형 카드사도 모바일카드 분야에서 발 빠르게 움직이고 있다. 업계 1위 신한카드는 지난해 말부터 모바일사업팀을 신설해 적극적으로 마케팅한 결과 지난달까지 30여만장을 발급했다. 비씨카드는 이강태 전 하나SK카드 사장을 영입해 모바일카드 사업 강화에 힘쓰고 있다. KB국민카드는 굿데이카드·혜담카드 등 100여종의 카드를 모바일카드로 발급해주고 있다. 현대카드는 제휴 통신사를 순차적으로 확대하고 있다. 삼성카드는 공과금 청구서에 찍힌 QR코드를 스마트폰으로 인식해 납부할 수 있는 서비스를 제공하고 있다.<김경학 기자 gomgom@kyunghyang.com>경향신문 ‘오늘의 핫뉴스’  ▶ 박근혜 “정수장학회는 부일장학회 승계 아니다”▶ ‘강남 가라오케 칼부림’ 살해범, 결국엔 구속▶ 방송사 女기자, 생방송 도중 성추행 당해…▶ 동료 女교사와 간통한 교사, 해임 안된다고?▶ “싸이 강남 스타일 말춤, 표절했다?” 모바일 경향 [경향 뉴스진(News Zine) 출시!] | 공식 SNS 계정 [경향 트위터] [미투데이] [페이스북] [세상과 경향의 소통 Khross]- ⓒ 경향신문(www.khan.co.kr), 무단전재 및 재배포 금지〈경향신문은 한국온라인신문협회(www.kona.or.kr)의 디지털뉴스이용규칙에 따른 저작권을 행사합니다.〉"
"55","2012.11.14","https://news.naver.com/main/read.naver?mode=LSD&mid=sec&sid1=101&oid=032&aid=0002271983","쿠팡","특S급 소갈비라더니, 알고보니 42개월령 소고기","
	
	



() {}

	회사원 ㄱ씨는 지난해 8월 소셜커머스업체 쿠팡에서 ‘특S급 호주산 청정우 갈비세트’를 한정 판매한다는 광고를 보고 2세트를 구입해 부모님과 처가집에 보냈다. 하지만 기대와 달리 갈비세트를 받아본 가족들의 반응은 “고기가 너무 질겨서 씹을 수조차 없어서 다 내다버렸다”는 것이었다. 깜짝 놀라 홈페이지를 찾아봤더니 자신뿐만 아니라 갈비세트를 구입한 소비자들이 질긴 고기에 대한 불평을 쏟아내고 있었다.유명 소셜커머스업체 쿠팡이 42개월령의 호주산 소고기를 최상급 갈비세트로 허위 광고하다 공정거래위원회에 적발됐다.공정거래위원회는 육질에 문제가 있음에도 호주산 소갈비를 최상급으로 허위 광고한 쿠팡에 대해 시정명령 및 과태료 800만원을 부과했다고 14일 밝혔다.공정위에 따르면 쿠팡은 지난해 8월 자사의 인터넷몰에서 호주산 갈비세트를 판매하면서 ‘특S급 호주 청정우 갈비세트’, ‘부드러운 육질의 최상급 소갈비’ 등으로 광고했다.하지만 호주산 쇠고기 등급 중 특S 등급은 아예 존재하지 않으며, 그나마 있는 S등급은 42개월령 이하 암소를 의미한다. 매출을 높이기 위해 있지도 않은 ‘특S급’을 앞세워 소비자들을 유인한 셈이다. 또한 해당 호주산 갈비세트 쇠고기 부위는 척립(CHUCK RIB)으로서 일반적으로 기름이 많고 질기기 때문에 품질이 좋은 부위로 볼수도 없었다.쿠팡은 이같은 광고를 앞세워 호주산 갈비 2050세트를 사흘만에 모두 팔아 1억1700만원의 매출을 올렸다.이태휘 공정위 서울사무소 소비자과장은 “소셜커머스는 높은 할인율과 단기의 구매기간을 제시하여 충동구매를 유인하는 특성을 가지고 있기 때문에 품질이 우수한 것처럼 현혹하는 것에 주의해야 한다”면서 “연말연시를 앞두고 인터넷 쇼핑몰 및 소셜커머스가 판매촉진을 위해 허위과장 광고행위를 할 우려가 있으므로 감시를 강화하겠다”고 밝혔다.<이호준 기자 hjlee@kyunghyang.com>경향신문 ‘오늘의 핫뉴스’  ▶ 세계에서 가장 소름돋는 ‘곤지암정신병원’ 폐쇄…왜?▶ 청와대, 내곡동 특검 압수수색 ‘거부’▶ 간호사협 “김 특임검사, 간호사 비하 사과하라”▶ MB 페북 올린 ‘66년 태국’ 사진 봤더니…▶ [화보]물의 도시도 폭우엔 별 수 없네 모바일 경향 [경향 뉴스진(News Zine) 출시!] | 공식 SNS 계정 [경향 트위터] [미투데이] [페이스북] [세상과 경향의 소통 Khross]- ⓒ 경향신문(www.khan.co.kr), 무단전재 및 재배포 금지〈경향신문은 한국온라인신문협회(www.kona.or.kr)의 디지털뉴스이용규칙에 따른 저작권을 행사합니다.〉"
"57","2012.11.20","https://news.naver.com/main/read.naver?mode=LSD&mid=sec&sid1=102&oid=032&aid=0002274218","쿠팡","소비자 속여 1억 매출 올린 쿠팡 고발당해","
	
	



() {}

	
		소셜커머스 업체 ‘쿠팡’이 사기혐의로 고발당했다. 소비자단체인 서울YMCA는 최근 하위등급의 호주산 소갈비를 최상급으로 속여 판매했다가 공정거래위원회(공정위)에 적발된 소셜커머스 업체 쿠팡을 사기 혐의로 검찰에 고발했다고 20일 밝혔다.쿠팡은 자사가 운영하는 인터넷몰을 통해 기름이 많고 질긴 42개월령 호주산 소갈비를 팔면서 최상급이라고 허위·과장 광고했다. 이 호주산 갈비세트 2050개가 사흘 만에 모두 팔리면서 쿠팡은 1억1700만원의 매출을 올렸다. 지난 14일 공정위는 쿠팡에 시정명령과 과태료 800만원을 부과했다.서울YMCA는 “공정위는 쿠팡에 시정명령을 내리고 과태료 800만원을 부과했지만 이번 사건은 형법상 사기죄이자 표시·광고의 공정화에 관한 법률 위반에 해당해 형사처벌이 가능한 사안”이라고 말했다. 또 단체는 “공정위는 이런 사건에서 전속고발권을 행사하지 않아 기업의 불공정거래 행위에 미온적 태도를 보이고 있다”며 “각 대선 후보는 솜방망이 처벌 논란을 불러일으키는 공정위의 전속고발권을 반드시 폐지하라”고 촉구했다.<이혜리 기자 lhr@kyunghyang.com>경향신문 ‘오늘의 핫뉴스’  ▶ 노숙 어린이 5명 쓰레기통에서 숨진 채 발견▶ 새누리당 “단일화 토론 TV 생중계는 안돼”▶ “짐 캐리가 스노보드 타다 죽었다”…알고보니▶ 안철수 “국가보안법 개정할 수 있다”▶ [화보]첫눈이 폭설…눈길로 등교하는 학생들 모바일 경향 [경향 뉴스진(News Zine) 출시!] | 공식 SNS 계정 [경향 트위터] [미투데이] [페이스북] [세상과 경향의 소통 Khross]- ⓒ 경향신문(www.khan.co.kr), 무단전재 및 재배포 금지〈경향신문은 한국온라인신문협회(www.kona.or.kr)의 디지털뉴스이용규칙에 따른 저작권을 행사합니다.〉"
"59","2013.01.03","https://news.naver.com/main/read.naver?mode=LSD&mid=sec&sid1=101&oid=032&aid=0002290647","쿠팡","소셜커머스에 “상품 공급” 거짓 약속… 롯데가 3세, 5억 챙기고도 기소유예","
	
	



() {}
ㆍ검찰 “피해자와 합의해”소셜커머스 업체에 롯데그룹 계열사 상품을 공급해주겠다며 거액을 챙긴 사업가가 사기 혐의로 재판에 넘겨졌다. 이 사건에 가담한 롯데가 3세는 고소인 측과 합의해 기소유예 처분을 받았다. 서울중앙지검 조사부(이헌상 부장검사)는 “매월 순매출액 15억원 이상 규모의 롯데 계열사 상품을 공급해주겠다”며 소셜커머스 업체 쿠팡으로부터 5억원을 받은 뒤 계약을 이행하지 않은 혐의(특경가법상 사기)로 소셜커머스 업체 엔젤프라이스 총괄사장 김모씨를 불구속 기소했다고 2일 밝혔다.검찰은 김씨와 함께 이 사업을 준비했던 신모 전 케이코(주) 대표는 기소유예했다. 신 전 대표는 롯데그룹 총수인 신격호 회장의 5촌 조카인 신동인 롯데자이언츠 구단주 직무대행(전 롯데쇼핑 사장)의 아들이다.검찰 조사 결과 김씨와 신씨는 지난해 3월 롯데그룹 계열사 제품을 전문으로 공급하는 소셜커머스 사이트 ‘엔젤프라이스닷컴’을 준비 중이었다. 이들은 당시 소셜커머스 선두권 업체인 쿠팡을 찾아가 “신씨는 그룹 최고경영층의 자제이고 우리가 할 사업은 롯데그룹 차원에서 밀어주는 것”이라며 “롯데 계열사 상품을 독점으로 공급받을 것이다. 쿠팡이 우리와 제휴하면 이 상품들을 좋은 조건에 받을 수 있다. 향후 합병까지도 추진할 것”이라고 말했다. 솔깃해진 쿠팡 측은 제안을 받아들였다. 이에 김씨와 신씨는 “롯데 계열 9개 브랜드에서 매월 3개 이상, 순매출액 15억원 이상씩 나는 상품을 쿠팡에 공급하겠다”고 약속했다. 쿠팡은 이들과 전략적 파트너 계약을 맺고 이행 보증금 명목으로 5억원을 송금했다.그러나 둘은 당시 롯데 상품을 들여와 팔 준비가 전혀 돼 있지 않은 상태였다. 결국 이들이 계획한 사업은 진행이 되지 않았다. 쿠팡은 이들이 계약을 이행하지 않자 서울중앙지검에 고발했다.검찰 관계자는 신씨를 기소유예한 데 대해 “쿠팡과 합의해 고소가 취하됐기 때문”이라고 말했다. 이 관계자는 “신씨가 줄곧 ‘재벌가 2세와 어울려 자주 사업을 하는 김씨에게 나도 속았다’고 주장한 데다 신씨는 실제 사업을 추진하려 했던 것으로 보인다”고 덧붙였다. 이들이 쿠팡에서 받은 5억원은 김씨가 보유한 다른 회사의 채무 변제와 소송 비용 등에 대부분 쓰인 것으로 전해졌다.<백인성 기자 fxman@kyunghyang.com>경향신문 ‘오늘의 핫뉴스’  ▶ 인수위원 발표 늦어도 2~3일 이내 발표▶ ‘싸이 고소 논란’ 대학원생, 이번엔…▶ 美 재정절벽 협상 타결…부자 증세안 합의▶ 가수 비 `열애설, 연예병사 특혜 논란으로 불똥▶ [화보]작심삼일 다이어트 탈출해봐요! 모바일 경향 [경향신문 | 경향뉴스진] | 공식 SNS 계정 [경향 트위터] [미투데이] [페이스북] [세상과 경향의 소통 Khross]- ⓒ 경향신문(www.khan.co.kr), 무단전재 및 재배포 금지〈경향신문은 한국온라인신문협회(www.kona.or.kr)의 디지털뉴스이용규칙에 따른 저작권을 행사합니다.〉"
"60","2013.01.03","https://news.naver.com/main/read.naver?mode=LSD&mid=sec&sid1=101&oid=032&aid=0002291004","쿠팡","‘밥도둑’ 게장, 알고보니 ‘세균 게장’","
	
	



() {}

	
		‘밥도둑’으로 불리는 게장에서 기준치보다 최대 60배가 넘는 세균이 검출됐다.한국소비자원은 3일 TV홈쇼핑과 소셜커머스에서 판매되는 게장 14개 제품과 냉면 8개 제품의 위생상태를 조사한 결과 게장 8개와 냉면 1개 제품에서 기준치를 초과하는 세균과 대장균군이 검출됐다고 밝혔다.조사 대상 홈쇼핑은 GS숍, CJ오쇼핑, 롯데홈쇼핑, 현대홈쇼핑, NS홈쇼핑 등 5개 업체였으며, 소셜커머스는 쿠팡, 티몬 등 2개 업체였다홈쇼핑에서 판매되는 게장은 식품위생법상 냉동 보관·유통되는 절임식품으로 분류된다. 따라서 배탈과 설사 등을 일으킬 수 있는 세균과 대장균군 검출한도는 각각 10만/g과 10/g 이내여야 한다. 냉면의 세균수 검출기준은 최대 100만/g이며 대장균군은 검출되지 않아야 한다.그러나 이번에 적발된 8개 게장 제품 가운데 5개에서는 세균수가 기준치보다 최대 62배 이상 높게 검출됐다. 4개 제품에서는 기준치의 25배가 넘는 대장균군이 검출됐다. 유명 연예인을 모델로 내세운 ㄱ사의 간장게장은 세균수와 대장균군수 모두 기준치를 초과했고 양념게장에서도 기준치를 넘는 세균이 나왔다.불량 게장 제품을 판매한 온라인업체도 조사대상 7곳 가운데 6곳이나 됐다. 특히 적발된 8개 제품 중 5개 제품이 홈쇼핑에서, 3개 제품은 소셜커머스에서 판매되고 있었다. 조사대상 온라인업체 중 불량 게장을 판매하지 않는 곳은 롯데홈쇼핑뿐이었다.냉면도 세균에 노출돼 있었다. 한 냉면 제품의 면에서는 기준치의 12배나 되는 세균이 검출됐다. 하지만 대장균군은 조사대상 냉면 제품에서 검출되지 않았다.소비자원 관계자는 “온라인에서 판매되는 게장이나 세균은 배송 과정에서 온도관리가 제대로 이뤄지지 않아 식중독을 일으킬 수 있으므로 소비자들의 각별한 주의가 필요하다”고 말했다.<유희곤 기자 hulk@kyunghyang.com>경향신문 ‘오늘의 핫뉴스’  ▶ [단독]사우디 주재 한국영사 실종 이틀 만에···▶ 새누리당 심재철, 무상보육 통과에 딴죽▶ 구글 슈미트 회장, 북한 방문할 듯…왜?▶ 시민단체 “이번 대선 결과 무효로 해달라” 소송▶ [화보]나가수2 후속 ‘아빠 어디가?’ 주역들  모바일 경향 [경향신문 | 경향뉴스진] | 공식 SNS 계정 [경향 트위터] [미투데이] [페이스북] [세상과 경향의 소통 Khross]- ⓒ 경향신문(www.khan.co.kr), 무단전재 및 재배포 금지〈경향신문은 한국온라인신문협회(www.kona.or.kr)의 디지털뉴스이용규칙에 따른 저작권을 행사합니다.〉"
"62","2013.01.08","https://news.naver.com/main/read.naver?mode=LSD&mid=sec&sid1=101&oid=032&aid=0002292305","쿠팡","공정위, 위조 미용브러쉬 판매한 소셜커머스에 과태료","
	
	



() {}

	
		위조상품을 정품으로 거짓 광고한 소셜커머스 업체 4곳에 과태료 2300만원이 부과됐다. 공정거래위원회는 8일 일본 유명 미용용품의 위조상품을 판매하면서 정품이라고 속이고 판매한 티켓몬스터, 쿠팡(포워드벤처스엘엘씨 한국지점), 위메이크프라이스(나무인터넷), 그루폰 코리아에 대해 시정조치와 함께 과태료를 부과했다고 밝혔다.공정위에 따르면, 이들 업체는 지난해 6~7월 자사의 인터넷 홈페이지에 일본 아루티사의 ‘모공브러쉬’를 위조한 미용브러쉬를 판매하면서 정품인 것처럼 광고했다. 아루티 모공브러쉬는 인기 미용상품을 소개하는 케이블TV 방송에 나오면서 지난해 젊은 여성들 사이에서 인기를 얻었다. 해당 위조상품은 소셜커머스 업체 4곳에서 5~15일동안 1500여개가 팔렸다. 당시 상품광고에는 ‘제조국: 일본’, ‘제조사:아루티(ALTY)’, ‘장인이 무려 2년이라는 세월에 걸쳐 완성한 최고 품질의 세안브러쉬’라는 문구와 함께 정품 이미지가 사용됐다. 공정위는 지난해 2월 소셜커머스 분야의 ‘소비자보호 자율준수 가이드라인’을 마련하고 티켓몬스터, 쿠팡, 위메이크프라이스, 그루폰 등과 협약을 체결한 바 있다. 이들은 위조상품 발견시 110%이상 환급한다는 ‘가이드라인’에 따라 구매대금의 110~200%에 해당하는 금액을 위조브러쉬를 구매한 소비자에게 환불한 것으로 알려졌다. 지난해 전자상거래법 위반으로 과태료를 받았던 그루폰은 이번에 2차 위반으로 적발돼 800만원의 과태료를 부과받았다. 지난해 11월 기름 많고 질긴 42개월령 호주산 소갈비세트를 최상급으로 광고한 쿠팡은 조사개시시점상 2차 위반에 해당되지 않아 500만원의 과태료를 부과받는 데 그쳤다. 티켓몬스터와 위메이크프라이스에는 각각 500만원씩의 과태료가 부과됐다.공정위 이숭규 전자거래팀장은 “위조상품 판매 등 법위반 행위에 대해서는 엄정한 법집행과 함께 ‘소셜커머스 자율준수 가이드라인’의 보급을 확대해 소셜커머스 시장에서 소비자 신뢰가 회복되도록 노력할 계획”이라고 말했다.<이재덕 기자 duk@kyunghyang.com>경향신문 ‘오늘의 핫뉴스’  ▶ ‘故 조성민 영결식’ 환희·준희 남매 눈에는…▶ 용인 어린이집 원생 20여명, 결핵균에 감염▶ 신세계 부회장 소환? ‘동네 빵집’ 살리기?▶ 게임 중독 아들 고치려 ‘자객’ 고용한 아버지▶ [화보]이 악물고 필사적으로 버텨라! 모바일 경향 [경향신문 | 경향뉴스진] | 공식 SNS 계정 [경향 트위터] [미투데이] [페이스북] [세상과 경향의 소통 Khross]- ⓒ 경향신문(www.khan.co.kr), 무단전재 및 재배포 금지〈경향신문은 한국온라인신문협회(www.kona.or.kr)의 디지털뉴스이용규칙에 따른 저작권을 행사합니다.〉"
"64","2013.03.20","https://news.naver.com/main/read.naver?mode=LSD&mid=sec&sid1=101&oid=032&aid=0002317143","쿠팡","소셜커머스 쿠폰, 유효기간 지나도 70% 이상 환급","
	
	



() {}
ㆍ짝퉁 구입 땐 10% 더해 환불공동구매로 할인판매를 하는 전자상거래 방식인 소셜커머스에서 구매한 쿠폰의 유효기간이 지났더라도 구매금액의 70% 이상을 돌려받을 수 있게 된다. 소비자가 산 제품이 ‘짝퉁’으로 확인되거나 사업자 잘못으로 쿠폰을 사용하지 못할 때는 산 비용에 10%를 더한 금액을 환불받을 수 있다.공정거래위원회는 CJ오쇼핑(오클락)·신세계(해피바이러스)·GS홈쇼핑(쇼킹10)·현대홈쇼핑(클릭H) 등 온라인 종합 쇼핑몰업체와 ‘소셜커머스 소비자보호 자율준수 가이드라인’ 협약을 체결했다고 20일 밝혔다.소셜커머스 시장은 2010년 500억원 규모에서 지난해 1조6000억원 규모로 2년 새 30배 이상 급성장했고, 그만큼 소비자 피해사례도 증가하고 있다. 공정위는 소셜커머스 업체의 과대 광고와 환불 기피로 인한 소비자 피해를 방지하기 위해 자율준수 가이드라인을 마련했다. 티켓몬스터·쿠팡·위메이크프라이스·그루폰·쏘비 등 5개 업체와는 지난 2월 협약을 체결했다.가이드라인 내용은 업체가 거래조건이나 환불 정보를 제공하고, 할인율 및 상품 광고에 관한 합리적인 근거를 제시해야 한다. 또 소셜커머스 쿠폰 유효기간이 지났더라도 소비자에게 구매대금의 70% 이상을 환불해야 한다. 소비자가 산 제품이 진품이 아닌 가짜로 확인되거나 사업자의 책임으로 쿠폰을 사용하지 못하게 될 때는 구입 비용 외에 10% 가산금을 물려 소비자에게 지급하도록 했다.<오창민 기자 riski@kyunghyang.com>경향신문 [오늘의 인기뉴스] ▶ 임신9개월 며느리 목졸라 죽인 시어머니…왜▶ 톱스타 前 매니저, 동성애 장면 몰래 촬영…▶ [속보]朴 대통령 “KBS MBC 전산망 마비…”▶ [속보]출근시간 日지하철역 무차별 칼부림…4명▶ [화보]美 核 잠수함이, 한국 바다에서… 모바일 경향 [경향 뉴스진 | 경향신문 앱 | 모바일웹] | 공식 SNS 계정 [경향 트위터] [미투데이] [페이스북] [세상과 경향의 소통 Khross]- ⓒ 경향신문(www.khan.co.kr), 무단전재 및 재배포 금지〈경향신문은 한국온라인신문협회(www.kona.or.kr)의 디지털뉴스이용규칙에 따른 저작권을 행사합니다.〉"
"66","2013.06.12","https://news.naver.com/main/read.naver?mode=LSD&mid=sec&sid1=105&oid=032&aid=0002348405","쿠팡","당일 호텔 ‘남은 방’ 땡처리 앱 나온다…‘호텔나우’ 보니","
	
	



() {}
‘호텔나우’ 안드로이드 앱 화면 캡처
	스마트폰을 활용해 호텔의 남은 방만을 골라 예약할 수 있는 서비스인 ‘호텔나우’가 이달 첫 선을 보인다. 호텔나우(hotelnow.co.kr)는 국내 한 벤처기업이 개발한 호텔 당일 예약 서비스로 오는 25일쯤 안드로이드 애플리케이션(이하 앱)으로 우선 출시된다. 호텔나우의 비지니스 모델은 티켓몬스터, 위메이크프라이스, 쿠팡 등과 같이 일정 기간 동안 호텔 숙박 상품을 전시해 다량으로 예약 티켓을 판매하는 것이 아니라 호텔에서 당일 판매하고 남은 방을 일일 특정 시간대에 판매하는 것이다. 남은 호텔 상품을 제일 싸게 파는 게 경쟁 모델들과의 차이점이라고 할 수 있다. 따라서 소비자는 2~3일 전이 아닌 당일 호텔 방이 필요하면 싼 가격의 상품을 골라 예약할 수 있고 호텔 측은 미판매된 방을 바로 소진할 수 있다. 소비자와 서비스 제공자, 호텔 간의 이상적 거래 조건이 성립되는 것이다. 특히 호텔 입장에서는 저가 상품이 인터넷에 노출되지 않고 모바일 앱에만 제공되기 때문에 매력적이다. 또 ‘남은 방’만을 판매하는 것이이서 호텔이 익일 정상 상품을 내놓아도 무리가 없다.해외 당일 모바일 호텔 상품 거래 ‘활성화’ …한국은?모바일 호텔 당일 예약 서비스는 유럽과 미국에서 성황 중이다. 이 중 미국 시장에서 사업 안정화를 이룬 ‘호텔투나잇(Hoteltonight)’은 현재까지 약 350억원에 이르는 투자를 받아 미국과 유럽 총 12개국에서 1500개의 호텔과 거래를 진행 중이다. 유럽 시장도 마찬가지다. 이미 ‘블링크(Blink)’라는 유사 당일 호텔 예약 서비스가 유럽 7개국 163개 지역에서 ‘남은 방’을 판매하고 있다. ‘호텔퀵클리(HotelQuickly)’라는 서비스는 아직 미개척지인 아시아 시장을 중심으로 사업을 확장하고 있다. 국내는 어떨까?=인터파크와 호텔엔조이, 호텔조인 등이 당일 호텔 예약 서비스를 최근 잇달아 오픈하고 있지만 시장이 작고 좁아 가격 경쟁력이 크지 않다는 게 단점으로 평가받고 있다. 이에 대해 김가영 호텔나우 대표는 “지난해 말부터 모텔, 호텔 시장을 집중 검증해 사업화 전략을 만들었다”면서 “당일 모바일 호텔 예약 서비스는 해외에서 성행 중인 사업 아이템으로 국내에서도 충분히 성장 가능할 것으로 본다”고 내다봤다. 이어 김 대표는 “당일 예약 수요도 늘고 있는 상황이어서 ‘땡처리’ 수준의 가격으로 남은 방을 제공한다면 기존 예약 사업자 또는 소셜커머스와는 또 다른 차별화가 만들어 질 것”이라고 말했다.미국의 모바일 당일 호텔 예약 서비스인 ‘호텔투나잇’의 웹사이트 메인 화면 | hoteltonight.com 홈페이지 캡처
<손재철 기자 son@kyunghyang.com>경향신문 [오늘의 인기뉴스] ▶ “朴 대통령, 전두환에 받은 6억이 33억…총리 왜 역정내나?”▶ 檢 ‘윤창중 성추행’ 수사 착수…어디 부서에서?▶ ‘신의 목욕탕’ 호수…7500년 같은 모습▶ [단독 인터뷰]강준만 “안철수는…”▶ 홍명보? 귀네슈? 차기 대표팀 감독은? 모바일 경향 [경향 뉴스진 | 경향신문 앱 | 모바일웹] | 공식 SNS 계정 [경향 트위터] [미투데이] [페이스북] [세상과 경향의 소통 Khross]- ⓒ 경향신문(www.khan.co.kr), 무단전재 및 재배포 금지〈경향신문은 한국온라인신문협회(www.kona.or.kr)의 디지털뉴스이용규칙에 따른 저작권을 행사합니다.〉"
"68","2013.07.26","https://news.naver.com/main/read.naver?mode=LSD&mid=sec&sid1=101&oid=032&aid=0002364272","쿠팡","아이리버, 10.1인치 태블릿 '와우탭 플러스' 출시","
	
	



() {}
아이리버의 태블릿PC인 10.1인치 와우탭 플러스
	아이리버가 26일 10.1인치 태블릿 ‘와우탭 플러스(WOWtab+)’를 새로 출시했다고 밝혔다. 아이리버는 올해 2월 출시한 7인치 와우탭과 함께 총 2종의 태블릿 제품 라인을 갖췄다.와우탭 플러스는 1366x768의 HD 해상도를 가진 10.1인치 광시야각 패널 디스플레이를 탑재해 고화질 영화나 게임 등을 더욱 선명하고 생생한 화질을 자랑한다. 안드로이드 4.1 젤리빈을 탑재한 구글 정식 인증 제품으로 70만개의 애플리케이션이 등록되어 있는 구글 플레이 스토어를 이용할 수 있다.또한 엔비디아(NVIDIA) 테그라 3 1.2GHz 쿼드코어 프로세서를 탑재해 고용량 게임, 동영상은 물론 다양한 종류의 앱을 끊김 없이 사용할 수 있다고 아이리버는 밝혔다. 또 대화면에 맞게 7,000mAh의 대용량 배터리를 넣었다.10.1인치의 대화면 태블릿임에도 두께 9.8mm, 무게 542g이다. 와우탭 플러스는 32GB 내장 메모리에 마이크로SD 슬롯을 통해 최대 32GB를 추가할 수 있다. 전면에는 200만, 후면 500만 화소의 카메라가 달려 있다.사용자환경(UI)은 4개의 각 모서리 화면에 검색, 모든 앱 바로가기, 홈 화면, 상태 표시줄 등의 아이콘을 배치하여, 사용자가 이동 중일 때에도 보다 편리하고 안정적으로 작동시킬 수 있도록 한 것이 특징이다. 검정색으로 나왔으며, 공식 소비자가는 49만9000원이다.아이리버는 이번 신제품 출시를 기념하여 쿠팡 단독으로 전자책 스토리K, 보조배터리 IPB-10000, 블루투스 스피커 IBA50 등이 포함된 총 80만원 상당의 패키지를 49만9000원에 26일부터 1주일간 한정 판매하는 프로모션도 진행한다.또 일본 파이널오디오디자인과의 협력으로 탄생한 아스텔앤컨(Astell&Kern) AKR01 이어폰 등이 포함된 초고음질 음향기기인 ‘MQS 플레이어 AK’ 시리즈 패키지도 쿠팡을 통해 함께 선보일 예정이다.AK120 모델은 2개의 DAC(디지털 신호를 아날로그 신호로 바꿔주는 장치)을 좌우 채널 별로 독립 구성하고, 앰프부도 2개로 분리한 구조를 채용해 더 현장감 있는 음악을 즐길 수 있다.아이리버의 초고음질 휴대용 음향기기인 아스텔앤컨
MQS는 음반 제작의 마지막 단계인 스튜디오에서 사용하는 24비트(bit), 192㎑급의 초고해상도 음원으로 CD에 비해 음질이 500~1000배 우수하다는 게 회사 측 설명이다. 4분짜리 음원의 경우 CD는 42MB 용량이 드는 반면 MQS는 138MB가 소요돼 원음에 흡사한 재생이 가능하다. 아스텔앤컨은 대형 하이파이 오디오급 고품질 음원을 작은 휴대용 플레이어로 구현했다.<전병역 기자 junby@kyunghyang.com>경향신문 [오늘의 인기뉴스] ▶ [단독]“조현오씨가 ‘盧 차명계좌’ 증인신청…”▶ “댓글이 삭제되는데 잠이 오나?” CCTV 영상▶ [단독]배우 연정훈 3억 포르쉐 뺏겼다…왜?▶ [뉴스 플러스]248개 시민단체 “국정원…”▶ 상추·세븐 중징계, 영창 뒤 최전방… 모바일 경향 [경향 뉴스진 | 경향신문 앱 | 모바일웹] | 공식 SNS 계정 [경향 트위터] [미투데이] [페이스북] [세상과 경향의 소통 커뮤니티]- ⓒ 경향신문(www.khan.co.kr), 무단전재 및 재배포 금지〈경향신문은 한국온라인신문협회(www.kona.or.kr)의 디지털뉴스이용규칙에 따른 저작권을 행사합니다.〉"
"70","2013.09.13","https://news.naver.com/main/read.naver?mode=LSD&mid=sec&sid1=103&oid=032&aid=0002382411","쿠팡","휴대폰 광고 속 “단언컨대…” 라면 광고서 차용, 더 유명해져","
	
	



() {}
팬택 휴대폰 ‘베가 아이언’ 광고ㆍ광고계도 패러디 효과 톡톡올여름 광고업계에서 최고 유행어 중 하나는 휴대폰 제조사 팬택의 베가 아이언 광고 카피인 ‘단언컨대’였다. 이노션이 만든 팬택 휴대전화 광고는 테두리의 금속 재질을 강조하기 위해 ‘단언컨대’라는 카피를 썼다. 광고에서 배우 이병헌은 “… 단언컨대 메탈은 가장 완벽한 물질입니다”라고 말한다.정작 ‘단언컨대’가 유명해진 것은 개그맨 김준현이 라면광고에서 이를 패러디한 뒤부터였다. 팔도 왕뚜껑의 모델 김준현은 배우 이병헌의 의상과 행동을 패러디했다. 김준현은 광고에서 “뚜껑에게도 영혼이 있다면 뜨거운 김을 두려워 않고 견디는 인내와 어떤 시련에도 맛을 지켜내는 책임감, 덜어서 나눠 먹을 수 있는 따뜻함을 가졌을 것입니다. 단언컨대 뚜껑은 가장 완벽한 물체입니다”라고 했다.광고제작자들은 패러디를 하기 전에 팬택으로부터 허락까지 받았다. 팔도 관계자는 “시안을 들고 무작정 팬택에 찾아갔다. 왕뚜껑 광고 덕분에 오히려 베가 아이언이 연상될 수 있어서 도움이 되면 됐지 손해 볼 건 없다고 설득했다”고 말했다. 홍보 효과는 컸다. 팬택 측은 “오히려 우리 광고가 묻히는 경향이 있다. 원조가 누구냐고 할 정도”라며 만족해했다. 광고 방송시간도 조정해서 TV에서는 팬택 광고에 뒤이어 왕뚜껑 광고를 내보내 효과를 극대화했다. 팔도 측은 후속 광고도 팬택을 다시 패러디했다. 앞서 팔도는 2004년에도 팬택 광고를 패러디한 적이 있다. 팬택의 휴대전화 스카이 광고문구 ‘스카이, 잇츠 디퍼런트(Sky, It’s different)’를 팔도는 ‘왕뚜껑, 잇츠 딜리셔스(It’s delicious)’라고 비틀어 재미를 봤다.독창성이 생명인 광고업계도 패러디를 자주 이용한다. 패러디 광고는 쉽게 각인돼 기대 이상의 효과를 얻을 수 있기 때문이다. 김기홍 팔도 광고디자인팀장은 “패러디 광고는 비용 대비 효과가 높다”며 “무턱대고 따라하는 게 아니라 원래 광고 메시지와 일맥상통하는 부분이 있어야 된다”고 말했다. 그는 “이만큼 패러디 광고가 뜰 줄 몰랐다”며 “서로 계획된 건 없지만 앞으로도 팬택과 협력 가능성은 열려 있다. 소비자들도 기대하는 듯하다”고 밝혔다.팬택은 최근에는 스마트폰 ‘베가 LTE-A’ 광고를 새로 내놨다. 이 광고에도 이병헌 목소리로 ‘단언컨대’라는 표현을 또 넣었다.최근 온라인 쇼핑 경쟁사 간에도 패러디 광고가 나왔다. 소셜커머스업체 위메프는 경쟁사 쿠팡을 견제하기 위해 배우 김슬기가 등장하는 네거티브 패러디 광고를 제작했다. 김슬기가 패러디한 대상은 배우 전지현이다. 전지현은 쿠팡 모델로, 광고에서 우아한 모습을 연출한다. 하지만 위메프 광고에서 김슬기는 욕설에 가까운 말로 쿠팡의 전지현을 깎아내리는 뉘앙스를 풍긴다. 위메프는 이 패러디 광고로 최고 사이트 방문자 수를 기록하며 인지도를 끌어올렸다.KT는 ‘올-IP, 2배가 돼’ 광고에 인기 드라마 MBC의 <금 나와라 뚝딱>, SBS의 <너의 목소리가 들려> 속의 캐릭터와 상황을 가져와 효과를 봤다.팔도 라면 ‘왕뚜껑’ 광고
제일기획 이채훈 크리에티브 디렉터는 “패러디 광고의 인기는 패러디를 하는 쪽과 대상이 되는 쪽 모두 소비자 관심을 얻을 수 있다는 데 매력이 있다”며 “패러디 광고의 성공요인은 패러디 대상과 상황 묘사의 일치성에 있고, 제품 장점을 패러디 대상의 광고에 어떻게 녹여낼 것인가가 중요하다”고 말했다.<전병역 기자 junby@kyunghyang.com>[관련기사]▶ 냉소하고 비꼬라, 직접적 비판보다 마음도 편하리니▶ 비슷해서 친숙하고, 비틀어서 재미있는 ‘패러디 요지경’▶ 거대한 정치보다는 일상 속 모순 꼬집어 웃음보 터지게▶ 모방과 모독이 주는 ‘저항적 즐거움’… 웃자는 일에 죽자고 달려드는 미성숙 지양해야▶ 1987년 이후 시사·정치 풍자 봇물… 최근 들어 수위 높아지며 정치권과 갈등도"
"72","2013.09.25","https://news.naver.com/main/read.naver?mode=LSD&mid=sec&sid1=101&oid=032&aid=0002385850","쿠팡","소셜커머스 ‘할인율·판매량 과장’ 못한다","
	
	



() {}
ㆍ공정위, 가이드라인 개정쿠팡, 티몬 등 소셜커머스의 할인율 과장이나 구매자 수 부풀리기에 제동이 걸렸다.25일 공정거래위원회는 ‘소셜커머스 소비자보호 자율준수 가이드라인’을 개정해 판매상품 할인율 산정 기준 및 표시방법을 구체화했다고 밝혔다.국내 소셜커머스는 제한된 시간에 공동구매로 파격적인 할인 판매를 하는 전자거래 형태를 띠고 있다. 할인율이 소비자 구매 선택에 가장 큰 영향을 미치는 요인이다보니 가격 산정에 미치는 요소를 교묘히 이용해 할인율을 과장 표시한다는 지적이 많았다.개정 가이드라인은 상품 판매 화면에 할인율 산정 기준가격의 출처, 가격 산정에 영향을 미치는 요소 등을 상세히 표기해 소비자가 할인 정보를 알아보기 쉽도록 했다. 할인율 산정의 비교 대상이 되는 가격이 백화점 매장 가격인지, 출시 가격인지 등이 불분명하면 가격 정보의 신뢰도가 떨어지기 때문이다. 판매량의 과장·조작을 통한 소비자 유인행위 금지를 준수사항에 새로 추가했고, 위조상품 예방을 위한 사전 검수 및 확인 절차를 구체화했다.<이재덕 기자 duk@kyunghyang.com>경향신문 [오늘의 인기뉴스] ▶ 4대강 건설사 담합, 국고 1조 넘게 챙겼다▶ 채동욱 “혼외자 없다… 명백한 오보” 정정보도 소송▶ 옥스퍼드 여대생 단체 누드 캘린더…왜▶ “2050년 세계 기아인구 20% 늘어난다”▶ 성지고 교사 충격증언 “학생들 깡패처럼…” 모바일 경향 [경향 뉴스진 | 경향신문 앱 | 모바일웹] | 공식 SNS 계정 [경향 트위터] [미투데이] [페이스북] [세상과 경향의 소통 커뮤니티]- ⓒ 경향신문(www.khan.co.kr), 무단전재 및 재배포 금지〈경향신문은 한국온라인신문협회(www.kona.or.kr)의 디지털뉴스이용규칙에 따른 저작권을 행사합니다.〉"
"74","2013.10.15","https://news.naver.com/main/read.naver?mode=LSD&mid=sec&sid1=105&oid=032&aid=0002393139","쿠팡","소셜커머스 제품 10개중 3개 할인율 부풀려","
	
	



() {}

	
		소셜커머스 상품 10개중 3개의 할인율이 최대 50% 포인트 이상 과장된 것으로 조사됐다.소비자문제 연구소 컨슈머리서치가 1∼10일 소셜커머스 쿠팡·티켓몬스터(티몬)·위메이크프라이스(위메프) 등 상위 3곳이 판매한 80개 상품을 무작위로 추출해 조사한 결과 24개(30.0%)의 할인율을 부풀린 것으로 나타났다고 15일 밝혔다. 24개 상품 중 할인율 차이가 가장 높은 것은 최고 55.4%포인트에 달했다.쿠팡이 판매한 이유식 밀폐용기 세트는 기준가 2만7000원, 할인가 9900원으로 63%의 할인율을 내세웠다. 하지만 기준가의 근거로 제시된 자체 온라인몰이 60% 할인행사를 진행하며 제품을 1만710원에 판매하고 있다. 실제 할인율은 7.6%에 불과한 셈이라 55.4% 포인트가 부풀려졌다. 호텔·펜션·리조트는 자체 홈페이지에서도 상시 숙박료를 20∼50% 할인하는 경우가 많다. 그러나 소셜커머스 업체들은 기준가격에 이 할인율을 반영하지 않았다. 패키지 상품 가격할인율도 과장됐다. 위메프가 38% 할인율을 내걸고 7만7000원에 판매하는 ‘A스파비스 입장권+숙박패키지’는 해당 숙박업체에서도 동일하게 판매하고 있는 상품(가격 7만8400원)이었다. 소비자들은 1.8%의 할인율을 36.2%포인트나 부풀려진 상태로 믿고 사는 셈이다.공정거래위원회 가이드라인에 따르면 여행·레저 상품의 경우 제휴사 홈페이지 가격을 기준으로 하되 상시 할인가격으로 판매하는 경우 상시 할인가를 기준으로 한다고 규정하고 있다.<손봉석 기자 paulsohn@kyunghyang.com>경향신문 독자이벤트 로버트카파 사진전 40%할인 바로가기 모바일 경향 [경향 뉴스진 | 경향신문 앱 | 모바일웹] | 공식 SNS 계정 [경향 트위터] [미투데이] [페이스북] [세상과 경향의 소통 커뮤니티]- ⓒ 경향신문(www.khan.co.kr), 무단전재 및 재배포 금지〈경향신문은 한국온라인신문협회(www.kona.or.kr)의 디지털뉴스이용규칙에 따른 저작권을 행사합니다.〉"
"75","2013.10.15","https://news.naver.com/main/read.naver?mode=LSD&mid=sec&sid1=101&oid=032&aid=0002393581","쿠팡","소셜커머스 상품 10개 중 3개는 할인율 뻥튀기","
	
	



() {}
ㆍ기준가 높여 할인율 최대 55%P 부풀리기ㆍ공정위, 4개 업체 적발 과태료·과징금 부과소셜커머스 상품 10개 중 3개는 할인율이 최대 50% 이상 과도하게 뻥튀기된 것으로 나타났다. 공산품보다 숙박, 레저, 식당 등 서비스 상품의 할인율 뻥튀기가 심했다. 공정거래위원회는 ‘뻥튀기’ 가격 표시로 소비자를 유인한 4개 소셜커머스업체를 적발, 과태료와 과징금을 부과했다. 소비자문제연구소 컨슈머리서치는 지난 1일부터 10일까지 소셜커머스업체 포워드벤처스(쿠팡), 티켓몬스터(티몬), 위메이크프라이스(위메프) 등 상위 3사에서 판매하는 80개 상품을 무작위로 추출해 가격실태를 조사한 결과 30%인 24개가 기준가를 뻥튀기하는 방식으로 할인율을 과장한 것으로 나타났다고 15일 밝혔다.24개 상품 중 할인율 차이가 가장 큰 것은 최고 55%에 달했다. 할인율이 가장 많이 뻥튀기된 제품은 최근 쿠팡에서 판매한 이유식 밀폐용기 세트로 기준가 2만7000원, 할인가 9900원으로 63%의 할인율을 내세웠다. 하지만 자체 온라인몰이 60% 할인행사를 진행하며 이 제품을 1만710원에 판매하고 있었다. 실제 할인율은 7.6%에 불과한데도 기준가를 2만7000원으로 적용해 할인율을 55.4%포인트나 뻥튀기한 것이다.호텔과 펜션, 리조트의 경우 운영 중인 업체 자체 홈페이지에서도 상시 20~50% 가격을 할인하는 사례가 많지만 소셜커머스 업체들이 내건 기준가격은 이런 기본 할인을 전혀 반영하지 않고 있다. 예컨대 쿠팡에서 판매하는 ‘가평 F펜션’은 10만원 숙박이용료를 50% 할인한 5만원에 판매한다. 그러나 이 펜션은 상시 50% 할인행사를 자체적으로 진행하고 있다. 패키지 상품에서도 기준가 뻥튀기를 쉽게 찾아볼 수 있었다. 위메프에서 38%의 할인율을 내걸고 7만7000원에 판매하는 ‘A스파비스 입장권+숙박패키지’는 해당 숙박업체에서도 동일하게 판매하고 있는 상품으로 가격은 7만8400원이다. 소비자들은 겨우 1.8%의 할인율을 36.2%나 부풀려진 상태로 믿고 사는 셈이다.소셜커머스업체들은 홈페이지에서 “정상가를 기준가로 삼았다”고 명시해 책임을 피하고 있지만, 이는 개정된 ‘소셜커머스 가이드라인’ 위반이다. 공정위 가이드라인에 따르면 여행·레저 상품의 경우 제휴사의 홈페이지 가격을 기준으로 하되 상시 할인 가격으로 판매하는 경우 상시 할인가를 기준으로 한다고 규정하고 있다.공정위는 이날 ‘가격 뻥튀기’를 한 쿠팡, 티몬, 위메프, 그루폰 등 업체 4곳에 과태료 4000만원, 과징금 5100만원을 부과했다. 컨슈머리서치 최현숙 대표는 “올해 거래 규모 예상액만도 3조원 정도로 소셜커머스 시장이 급성장했지만 영업의 핵심인 할인율에 대한 신뢰가 크게 부족하다”며 “소셜커머스에서 제시한 기준가 및 할인율만 맹신하지 말고 소비자가 가격비교 사이트나 전화 등으로 가격을 직접 확인하고 구입해야 한다”고 말했다.<이호준·이재덕 기자 hjlee@kyunghyang.com>경향신문 독자이벤트 로버트카파 사진전 40%할인 바로가기 모바일 경향 [경향 뉴스진 | 경향신문 앱 | 모바일웹] | 공식 SNS 계정 [경향 트위터] [미투데이] [페이스북] [세상과 경향의 소통 커뮤니티]- ⓒ 경향신문(www.khan.co.kr), 무단전재 및 재배포 금지〈경향신문은 한국온라인신문협회(www.kona.or.kr)의 디지털뉴스이용규칙에 따른 저작권을 행사합니다.〉"
"77","2013.11.04","https://news.naver.com/main/read.naver?mode=LSD&mid=sec&sid1=105&oid=032&aid=0002402148","쿠팡","위메프 “주간 순방문자수, 351만명”","
	
	



() {}

	
		소셜커머스 위메프는 주간(10월 21∼27일) 홈페이지 순방문자수(UV)에서 경쟁사 쿠팡과 티몬을 제쳤다고 4일 밝혔다.위메프는 웹사이트 순위분석기관인 닐슨코리안클릭 집계자료를 인용해 지난달  21∼27일 순방문자수가 351만6632명(18위)으로, 쿠팡(349만2095명·19위)과 티몬(237만1076명·33위)을 눌렀다고 전했다. 웨메프는 이런 호조세가 5% 포인트 적립, 200% 소셜최저가 보상제, 9700원 이상 무료배송, 이승기, 이서진을 내세운 공중파 TV 광고 때문이라고 분석했다.박유진 위메프 홍보실장은 “위메프가 중요하게 생각하는 것은 소비자 관점”이라며 “2010년 10월 업계 1위로 시작한 위메프가 3년 만에 다시 트래픽 선두에 나서게 됐다는 것은 큰 의미가 있다”고 전했다.<손봉석 기자 paulsohn@kyunghyang.com> 모바일 경향 [경향 뉴스진 | 경향신문 앱 | 모바일웹] | 공식 SNS 계정 [경향 트위터] [미투데이] [페이스북] [세상과 경향의 소통 커뮤니티]- ⓒ 경향신문(www.khan.co.kr), 무단전재 및 재배포 금지〈경향신문은 한국온라인신문협회(www.kona.or.kr)의 디지털뉴스이용규칙에 따른 저작권을 행사합니다.〉"
"79","2013.11.22","https://news.naver.com/main/read.naver?mode=LSD&mid=sec&sid1=101&oid=032&aid=0002410076","쿠팡","소셜커머스 업체 쿠팡, 허위광고로 공정위 제재","
	
	



() {}

	
		공정거래위원회는 22일 인조가죽 가방을 천연 소가죽 제품인 것처럼 허위 광고한 소셜커머스 업체 쿠팡에 시정명령과 함께 과태료 1000만원을 부과했다.  공정위에 따르면 쿠팡은 지난해 11월부터 올해 2월까지 9차례에 걸쳐 중국산 인조가죽 가방을 판매하면서 광고에 ‘소가죽 비즈니스백’, ‘천연 소가죽 소재’ 등 허위 문구를 넣었다. 쿠팡은 해당 서류가방을 43% 할인된 가격으로 소개하고 345개 제품을 9만6000원에 판매해 총 3300만원의 매출을 올렸다.쿠팡은 납품업자가 제출한 허위 상품견적서를 충분히 검증하지 못한채 상품을 출시한 것으로 드러났다. 공정위가 사건심사에 들어가자 쿠팡은 총 매출액 3300만원 중 3100만원의 금액을 환불조치하고 총 600만원 상당의 쿠폰을 소비자들에게 지급했다.공정위 관계자는 “허위 광고 예방을 위해 상품 출시 및 광고에 앞서 소비자들의 의견을 청취 및 반영하는 절차를 마련하도록 소셜커머스 업계에 권고할 계획”이라며 “시정명령에도 불구하고 반복하여 위반하는 등 소비자 피해규모가 크고 피해구제를 소홀히 한 경우에는 영업정지를 적극적으로 적용하겠다”고 밝혔다.<이재덕 기자 duk@kyunghyang.com> 모바일 경향 [경향 뉴스진 | 경향신문 앱 | 모바일웹] | 공식 SNS 계정 [경향 트위터] [미투데이] [페이스북] [세상과 경향의 소통 커뮤니티]- ⓒ 경향신문(www.khan.co.kr), 무단전재 및 재배포 금지〈경향신문은 한국온라인신문협회(www.kona.or.kr)의 디지털뉴스이용규칙에 따른 저작권을 행사합니다.〉"
"81","2013.12.11","https://news.naver.com/main/read.naver?mode=LSD&mid=sec&sid1=105&oid=032&aid=0002418123","쿠팡","소셜커머스, 모바일 시장서 ‘대약진’","
	
	



() {}
ㆍ티켓몬스터·쿠팡 등 거래 비중 50~60% 넘어스마트폰 등 모바일 기기를 통한 상품 구매가 크게 늘면서 온라인 마켓 판도가 흔들리고 있다. 기존에는 유선 인터넷을 기반으로 한 G마켓, 11번가, 옥션 등 ‘3대 오픈마켓’이 시장을 나눠 가진 구도였지만 소셜커머스 업체들이 모바일 판매 실적을 앞세워 도전장을 내밀고 있다.11일 소셜커머스 업체인 티켓몬스터의 연간 누적거래 자료를 보면 모바일 거래 금액이 6000억원으로 전체 거래액(1조원)의 60%를 넘어섰다. 올 1월만 해도 모바일 거래 비중은 30%대에 그쳤지만 열 달 새 갑절이 됐다. 모바일 거래의 74.4%를 차지한 여성 고객 숫자도 지난해 33만명에서 올해 73만명으로 두 배 이상 늘었다.쿠팡 역시 올들어 발생한 1조원의 누적거래 중 6000억원 이상이 모바일 구매를 통해 이뤄졌다. 소셜커머스 고객 2명 중 1명은 모바일 기기를 통해 물건을 구매하고 있는 셈이다.모바일 시장에서 소셜커머스 업체들의 약진은 G마켓 등 기존 오픈마켓들과 비교할 때 더 두드러진다. 연간 누적거래 총액 규모로는 여전히 오픈마켓들이 7~10배가량 소셜커머스를 압도한다. 하지만 모바일 거래에선 오픈마켓과 소셜커머스가 비슷한 규모를 보이고 있다. G마켓과 11번가, 옥션 등이 최근까지 각각 6000억~7000억원의 누적거래를 올려 티켓몬스터나 쿠팡과 큰 차이를 보이지 않는다.국내 모바일 시장 규모는 올해를 기점으로 매년 큰 폭의 성장이 예견되고 있다. 한국 온라인쇼핑협회는 2010년 3000억원 규모였던 모바일 시장이 지난해 1조7000억원을 넘어선 뒤, 올해는 3조9700억원에 달할 것으로 예상하고 있다. 내년에는 모바일 시장이 올해의 두 배 수준인 7조6000억원 규모까지 확대될 것으로 전망된다. 2~3년 뒤 소셜커머스 업체들이 판도를 바꿀 수 있다는 전망이 나온다.소셜커머스 업체들이 약진한 배경에 대해 티켓몬스터 관계자는 “기존 오픈마켓과는 달리 소비자들이 즉시 구매해 소비하는 상품이나 서비스가 많은 구조적 특성상 모바일 시장에 주목하고 애플리케이션 개발 등에 나선 것이 주효했다”이라고 말했다.오픈마켓들도 대응에 나서고 있다. G마켓 등은 올들어 모바일 구매 고객에게 각종 할인혜택과 쿠폰을 제공하고 있다. 올초 5%대에 머물던 오픈마켓들의 모바일 거래 비중 역시 가파르게 상승 중이다. G마켓 관계자는 “오픈마켓의 경우 웹사이트 접속 후 검색을 통한 구매에 익숙한 소비자들과 해당 상품들이 주류를 이루고 있어 아무래도 모바일 전환까진 시간이 다소 필요하다”며 “전체 거래금액 규모나 최근의 모바일 거래 추세를 봤을 때 단기간 내 소셜커머스에 역전을 허용하는 일은 없을 것”이라고 말했다.<송진식 기자 truejs@kyunghyang.com> 모바일 경향 [경향 뉴스진 | 경향신문 앱 | 모바일웹] | 공식 SNS 계정 [경향 트위터] [미투데이] [페이스북] [세상과 경향의 소통 커뮤니티]- ⓒ 경향신문(www.khan.co.kr), 무단전재 및 재배포 금지〈경향신문은 한국온라인신문협회(www.kona.or.kr)의 디지털뉴스이용규칙에 따른 저작권을 행사합니다.〉"
"83","2013.12.18","https://news.naver.com/main/read.naver?mode=LSD&mid=sec&sid1=102&oid=032&aid=0002420679","쿠팡","스포츠닥터스 10주년 후원의 밤 “글로벌 사회공헌에 박차”","
	
	



() {}
허준영 이사장(왼쪽)이 제갈성렬 전 국가대표 빙상선수에게 홍보대사 위촉패를 전달하고 있다. 스포츠닥터스 제공
	유엔 공보국 등록 NGO단체인 스포츠닥터스(이사장 허준영, 한국마이팜제약 회장)는 지난 16일 한남동 블루스퀘어에서 10주년 기념식 및 송년 후원의 밤 행사를 가졌다.스포츠닥터스는 의료, 스포츠, 교육, 환경, 문화예술 분야에서 활동하고 있는 비정부기구(NGO)이다. 그동안 의료혜택의 불모지에 있는 국내외 소외계층에 대한 의료봉사와 국가대표 스포츠 선수들에 대한 다양한 후원활동을 해왔다. 이날 수석자문위원과 홍보대사 등에 대한 위촉식이 있었다.레슬링 국가대표 출신인 허 이사장은 “국내 유일의 유엔 기구 산하 봉사 단체로서 앞으로 국내의 소외된 이웃을 돕는 활동뿐만 아니라 글로벌 사회공헌에도 더욱 노력하겠다”고 말했다.스포츠닥터스는 오는 26일 예술의 전당 콘서트홀에서 필리핀 이재민을 돕기 위한 나눔콘서트를 개최한다. 바리톤 김동규, 소프라노 박미혜, 테너 강무림, 테너 김성빈, 메조소프라노 김수정, 한국입양어린이합창단 등이 코리안 팝스오케스트라와 함께 출연한다.<수석자문위원> 허선(공정위 전 사무처장), 정양섭(전 특허심판원장) <법률자문단장> 윤승진(법무법인 아테네 대표변호사), 자문위원 고재우(쿠팡 부사장), 민현기(민병철교육그룹 사장) <홍보대사> 이근호(축구 국가대표), 심권호(레슬링 전 국가대표), 제갈성렬(빙상 전 국가대표).<박효순 기자 anytoc@kyunghyang.com> 모바일 경향 [경향 뉴스진 | 경향신문 앱 | 모바일웹] | 공식 SNS 계정 [경향 트위터] [미투데이] [페이스북] [세상과 경향의 소통 커뮤니티]- ⓒ 경향신문(www.khan.co.kr), 무단전재 및 재배포 금지〈경향신문은 한국온라인신문협회(www.kona.or.kr)의 디지털뉴스이용규칙에 따른 저작권을 행사합니다.〉"
"85","2013.12.26","https://news.naver.com/main/read.naver?mode=LSD&mid=sec&sid1=105&oid=032&aid=0002423839","쿠팡","올해 네이버 인물 검색어 1위는 누구?","
	
	



() {}

	방송인 클라라가 올해 네이버에서 가장 많이 검색된 인물 1위에 올랐다.네이버가 26일 발표한 ‘2013 인기검색어’를 보면, 클라라는 인물 검색어 순위 PC와 모바일 분야에서 모두 1위를 기록했다. 클라라는 PC ‘급상승 순위’에서도 1위를 차지했다.PC와 모바일 검색을 통합한 ‘종합 순위’에서는 포털사업자 ‘다음’이 PC와 모바일에서 모두 1위에 올랐다. PC 검색 종합순위 10위권에는 구글, 페이스북, 쿠팡, 국민은행, 농협, 유튜브, 티몬, 우리은행 등 매년 상위권에 드는 ‘스테디 키워드’가 이름을 올렸다. 다만, 2위를 차지한 게임 ‘리그 오브 레전드’만이 신규 검색어로서 10위 안에 들었다.모바일에서도 날씨, 페이스북, 구글 등 스테디 키워드가 상위에 오른 가운데 ‘로또’와 드라마 ‘오로라 공주’가 10위권에 새롭게 등장했다.☞ [화보] 네이버 인물 검색어 1위 클라라 어떻길래 분야별 순위를 보면, 영화에서는 ‘은밀하게 위대하게’와 ‘설국열차’가 각각 PC와 모바일에서 1위를 차지했다. 드라마 중에서는 ‘너의 목소리가 들려’와 ‘오로라 공주’가 각각 PC, 모바일 1위에 올랐다.예능은 ‘무한도전’이, 책은 ‘정글만리’가 PC와 모바일에서 모두 1위를 기록했다. 인물 분야에서는 클라라 외에 류현진, 기성용, EXO 등 유명 연예인 또는 스포츠인들이 상위에 올랐다.월별 순위를 보면 ‘학교’(1월), ‘그 겨울, 바람이 분다’(2월), ‘너의 목소리가 들려’(5월), ‘굿 닥터’(8월), ‘주군의 태양’(9월), ‘상속자들’(10월), ‘응답하라 1994’(11월) 등 드라마가 대부분 1위를 차지했다. 한혜진(3월), 이은성(5월) 등 연예인과 뮤직비디오 ‘젠틀맨’(4월), 예능 ‘꽃보다 할배’도 월별 1위 검색어에 올랐다.급상승 순위는 ‘오로라 공주’가 모바일 1위에 선정됐다. PC에서는 클라라에 이어 ‘구가의 서’(2위), ‘너의 목소리가 들려’(3위)의 검색량이 급증한 것으로 나타났다. 모바일에서는 ‘상속자들’과 ‘주군의 태양’이 각각 급상승 2, 3위를 기록했다.네이버는 지난 1월부터 11월까지 이용자들이 네이버 통합검색창에 많이 입력한 키워드 및 유의어를 집계해 ‘2013 인기검색어’를 선정했다.<디지털뉴스팀> 모바일 경향 [경향 뉴스진 | 경향신문 앱 | 모바일웹] | 공식 SNS 계정 [경향 트위터] [미투데이] [페이스북] [세상과 경향의 소통 커뮤니티]- ⓒ 경향신문(www.khan.co.kr), 무단전재 및 재배포 금지〈경향신문은 한국온라인신문협회(www.kona.or.kr)의 디지털뉴스이용규칙에 따른 저작권을 행사합니다.〉"
"87","2014.01.06","https://news.naver.com/main/read.naver?mode=LSD&mid=sec&sid1=105&oid=032&aid=0002427382","쿠팡","소셜커머스 지난해 50% 성장…쿠팡·티몬 거래액 1조 2천억","
	
	



() {}

	
		소셜커머스가 모바일 채널을 기반으로 지난해 50% 가량 성장했다.6일 유통업계에 따르면 업계 1위 쿠팡의 지난해 연간 거래액은 1조2000억원을 넘어선 것으로 잠정 집계됐다. 이는 전년의 8000억원에 비해 50% 정도 성장한 것이다. 쿠팡은 지난해 6월 월 거래액 1000억원을 돌파한데 이어 11월 둘째 주에 연간 누적 거래액 1조원을 넘어섰다.티몬 역시 지난해 연간 누적 거래액이 전년(7284억원)대비 약 65% 늘면서 1조2000억원을 넘어선 것으로 추정하고 있다. 티몬은 11월 셋째주에 연간 누적 거래액 1조원을 돌파했다. 연말에 대규모 물량 공세로 추격에 나선 위메프도 지난해 연간 거래액 1조 클럽에 근접한 것으로 자체 판단하고 있다.소셜 커머스 성장은 모바일 채널이 주도했다. 쿠팡의 경우 2012년 12월에 351만명 수준이던 모바일 웹과 앱 순방문자가 지난해(10월 기준)는 594만명으로 증가했다. 전체 거래액 중 모바일 비중도 지난해 9월 50%를 돌파했다.티몬도 전체 거래액 중 모바일 채널 거래액 비중이 2012년 24%에서 지난해에 47%까지 높아져 성장을 주도했다. 월간 기준 모바일 거래 비중은 11월에 57.2%까지 올랐다. 올해 소셜커머스 업계는 오픈마켓, 오프라인 쇼핑 채널 등과 경쟁 구도에 놓일 것으로 관측된다. 이에 맞춰 업계는 서비스 고도화와 고객 맞춤 전략을 펼칠 것으로 보인다.<손봉석 기자 paulsohn@kyunghyang.com> 모바일 경향 [경향 뉴스진 | 경향신문 앱 | 모바일웹] | 공식 SNS 계정 [경향 트위터] [미투데이] [페이스북] [세상과 경향의 소통 커뮤니티]- ⓒ 경향신문(www.khan.co.kr), 무단전재 및 재배포 금지〈경향신문은 한국온라인신문협회(www.kona.or.kr)의 디지털뉴스이용규칙에 따른 저작권을 행사합니다.〉"
"89","2014.01.12","https://news.naver.com/main/read.naver?mode=LSD&mid=sec&sid1=105&oid=032&aid=0002430053","쿠팡","소셜 커머스 위메프, 지난해 12월 통합방문자수 1위","
	
	



() {}

	
		소셜 커머스 위메프는 지난해 12월 통합방문자수에서 업계 1위를 차지했다고 12일 밝혔다.닐슨코리안클릭이 최근 발표한 12월 온라인 결산자료에 따르면 위메프는 PC와 모바일 전체 통합 순방문자수 1273만7510명으로 쿠팡(1204만8346명)을 70만명 차이로 앞섰다. 티몬은 971만7631명으로 3위였다.위메프는 2013년 초 통합방문자수가 1위인 쿠팡과 400만명 가까이 차이가 났지만 지난해 연말 구매액 50%를 포인트로 적립하는 ‘블랙 프라이스’ 등 행사를 통해 방문자 수를 늘렸다. 또 지난해 10월부터는 인기 연예인을 모델로 한 홍보전략도 펼쳤다.<손봉석 기자 paulsohn@kyunghyang.com> 모바일 경향 [경향 뉴스진 | 경향신문 앱 | 모바일웹] | 공식 SNS 계정 [경향 트위터] [미투데이] [페이스북] [세상과 경향의 소통 커뮤니티]- ⓒ 경향신문(www.khan.co.kr), 무단전재 및 재배포 금지〈경향신문은 한국온라인신문협회(www.kona.or.kr)의 디지털뉴스이용규칙에 따른 저작권을 행사합니다.〉"
"91","2014.03.04","https://news.naver.com/main/read.naver?mode=LSD&mid=sec&sid1=105&oid=032&aid=0002448568","쿠팡","소셜커머스 업체 그루폰코리아  철수","
	
	



() {}

	
		세계 최대 소셜커머스 업체 그루폰이 한국지사 그루폰코리아를 철수하기로 했다. 한국 진출 3년만이다. 대신 지난해 11월 인수한 티켓몬스터를 통해 시장에 재도전하겠다는 전략이다.4일 그루폰코리아 측 관계자는 “본사에서 법인을 청산키로 했다는 본사 방침을 전달했다”고 밝혔다. 이에 따라 조만간 법인 청산 과정을 밟을 것이라고 이 관계자는 덧붙였다. 그루폰은 2012년 50억3800만달러의 매출(5조3669억원)을 기록하며 글로벌 1위 자리를 지키고 있다. 2011년3월에는 그루폰코리아를 설립하고 국내 진출을 시작했으나 티켓몬스터 등 토종업체에 밀려 줄곧 업계 4위에 머물렀다.그루폰은 지난해 11월 2억6000만달러(2800억원)를 들여 티켓몬스터를 인수해 한국시장 전략을 수정했다. 에릭 레프코프스키 그루폰 CEO도 “중요한 목표는 티몬이 한국 전자상거래 시장 1위에 오르도록 그루폰코리아가 어떻게 돕는지 여부”라고 밝혔다. 법인 청산이 결정된 그루폰코리아에는 임직원 160여명이 근무하고 있다. 그루폰은 이들 임직원에 대한 고용 승계 계획은 수립하지 않은 것으로 알려졌다.IT업계 일각에선 그루포의 철수로 인한 소셜커머스 산업의 지각변동을 점치는 시각도 있다. 실제로 지난 1월 기준으로 쿠팡과 위메프가 순방문자수 1200만명을 넘어선 가운데 티몬은 1000만명 수준으로 여기에 그루폰코리아의 순방문자수 300만명을 끌어올 수 있다면 업계 1위 자리가 뒤바뀔 수도 있다. 하지만 두 회사의 사업영역이 겹치는 부분이 많아 큰 변화는 없을 것이라는 의견도 있다.<손봉석 기자 paulsohn@kyunghyang.com> 모바일 경향 [경향 뉴스진 | 경향신문 앱 | 모바일웹] | 공식 SNS 계정 [경향 트위터] [미투데이] [페이스북] [세상과 경향의 소통 커뮤니티]- ⓒ 경향신문(www.khan.co.kr), 무단전재 및 재배포 금지〈경향신문은 한국온라인신문협회(www.kona.or.kr)의 디지털뉴스이용규칙에 따른 저작권을 행사합니다.〉"
"93","2014.03.11","https://news.naver.com/main/read.naver?mode=LSD&mid=sec&sid1=101&oid=032&aid=0002451521","쿠팡","BC모바일카드로 출퇴근 시간대 물건 구매하면 10% 할인","
	
	



() {}

	비씨카드가 시간별 할인을 해주는 ‘타임 할인’과 결제 횟수가 많아질수록 추가 할인을 해주는 ‘3·6·9 할인’ 을 실시한다. 비씨카드는 11일 비씨 모바일카드를 통해 옥션·지마켓,네이버N샵, 쿠팡, 티켓몬스터, CJ몰 등 6개 온라인 가맹점에서 특정 시간대에 물건을 구매하는 고객에게 10% 청구할인을 해주는 이벤트를 진행한다고 밝혔다. 특정 시간대는 오전 7~9시 출근시간대, 오후 7~8시 퇴근시간대, 오후 10시~오전 12시까지의 수면 직전 시간을 말한다. 할인 금액은 은행별 최대 5000원이다. 이마트, 홈플러스, 롯데마트, 파리바게트 등 17개 오프라인 가맹점에서는 비씨 모바일카드로 1회 결제시 3%, 2회 결제 시 6%, 3회 이상 결제 시 9% 할인을 해주는 ‘3·6·9 할인’을 진행한다. ‘타임 할인’은 오는 28일까지, ‘3·6·9 할인’은 다음달 6일까지 진행된다.<김한솔 기자 hansol@kyunghyang.com> 모바일 경향 [경향 뉴스진 | 경향신문 앱 | 모바일웹] | 공식 SNS 계정 [경향 트위터] [미투데이] [페이스북] [세상과 경향의 소통 커뮤니티]- ⓒ 경향신문(www.khan.co.kr), 무단전재 및 재배포 금지〈경향신문은 한국온라인신문협회(www.kona.or.kr)의 디지털뉴스이용규칙에 따른 저작권을 행사합니다.〉"
"95","2014.03.23","https://news.naver.com/main/read.naver?mode=LSD&mid=sec&sid1=101&oid=032&aid=0002456101","쿠팡","소셜커머스 업체 위메프에 경쟁사 비방 광고 시정명령","
	
	



() {}

	
		소셜커머스 업체 위메프가 경쟁사인 쿠팡을 비방하는 광고를 하다가 공정거래위원회의 제재를 받았다.공정위는 위메프가 유튜브 동영상 광고를 통해 경쟁사 쿠팡보다 싸게 파는 것처럼 과장광고를 내보내고 ‘바가지’ ‘무료배송 미끼’ 등 부정적인 단어로 근거 없이 쿠팡을 비하하는 등 표시광고법을 위반해 시정명령을 내렸다고 23일 밝혔다.공정위에 따르면 위메프는 지난해 6월부터 12월까지 유튜브에 동영상 광고를 내보내며 “구빵 비싸” “무료배송 받아봤자 최저가가 더 싸단다” “위메프가 제일 싸다” 등의 표현을 사용했다. ‘무료배송’을 하는 경쟁사 쿠팡(구빵)보다 ‘최저가’ 위메프의 상품이 더 저렴한 것처럼 광고한 것이다. 하지만 공정위가 두 업체의 동일 상품을 비교한 결과, 티셔츠·드레스·운동화 등 24개 품목은 쿠팡이 위메프보다 더 싸게 파는 것으로 나타났다.또한 위메프는 동영상 광고에서 경쟁사 쿠팡을 ‘구빵’ ‘구팔’ 등으로 표현하면서 쿠팡 로고를 노출해 쿠팡을 겨냥한 광고라는 것을 알렸다. 또 ‘구팔 바가지’ ‘무료배송 미끼’ ‘호갱(이용당하기 쉬운 고객을 뜻하는 은어)’ 등의 부정적인 표현을 사용해 쿠팡을 비방했다. 이태휘 서울지방공정거래사무소 소비자과장은 “소셜커머스의 비방광고를 제재한 첫 사례”라며 “소셜커머스 업체들이 저가 정책에 의존한 출혈경쟁이 아닌 상품 품질 개선 및 소비자 보호 등을 통해 소비자의 신뢰를 얻어야 한다”고 말했다.위메프 측은 “유튜브 특성상 광고를 재밌게 표현하고자 했는데 도가 지나쳤다”며 “공정위의 결정을 모두 수용한다”고 입장을 밝혔다.<이재덕 기자 duk@kyunghyang.com> 모바일 경향 [경향 뉴스진 | 경향신문 앱 | 모바일웹] | 공식 SNS 계정 [경향 트위터] [미투데이] [페이스북] [세상과 경향의 소통 커뮤니티]- ⓒ 경향신문(www.khan.co.kr), 무단전재 및 재배포 금지〈경향신문은 한국온라인신문협회(www.kona.or.kr)의 디지털뉴스이용규칙에 따른 저작권을 행사합니다.〉"
