date,news,news_title,news_content,url,주요사건,구분
2012/04/10 00:00:00,연합뉴스,"방통위, 소셜커머스업체 13곳 중징계",과징금 시정명령 등 소셜커머스업체에 첫 제재서울방송통신위원회는 10일 전체회의를 열어 개인정보보호 법규를 위반한 13개 소셜커머스업체에 과징금과 과태료를 부과하고 시정명령을 내렸다.방통위가 소셜커머스업체에 과징금 부과 등 제재조치를 내린 것은 이번이 처음이다.방통위는 이들 소셜커머스업체가 이용자 동의없이 개인정보 수집 개인정보 보호조치 미흡 등으로 정보통신망법을 위반했다고 설명했다.적발된 사업자 중티켓몬스터에는 과징금 8천710만원과 과태료 450만원을 부과하고 시정조치 명령을 내렸다.포워드벤처스엘엘씨 영업소쿠팡에는 과태료 300만원 그루폰은과징금 2천800만원 과태료 800만원를 부과하고 시정조치를 명령했다. 나머지 10개 사업자에 대해서는 각각 300만 800만원의 과태료 부과 및 시정조치 명령을 의결했다.이외에엠제트케이오알 엠케이유니크플랜와이제이그룹 등도 방통위로부터 행정처분을 받았다...이 시각 많이 본 기사수원 20대 토막살인사건계획된 범죄 ..확인애프터스쿨 새 멤버 가은 영입.. 9명 됐어요외교부발사 참관여부 답변 회피동의대 대학야구 춘계리그 2연패총선1여소야대 땐 대선정국 조기 도래,https://news.naver.com/main/read.naver?mode=LSD&mid=sec&oid=001&aid=0005579922,1,0
2012/04/18 00:00:00,동아일보,은행 소셜커머스 상품 봇물… 판매는 부진,씨티 우리 등 실적 기대이하젊은층 유인엔 효과 분석도시중은행들이 소셜네트워크서비스소셜네트워크서비스를 이용한 전자상거래 업체인 소셜커머스를 통해 다양한 금융상품을 팔고 있지만 일부 상품을 제외하고는 실적이 신통치 않은 것으로 나타났다. 그러나 젊은 고객층 유인 같은 부수효과가 크기 때문에 적극 진출해야 한다는 분석도 나온다. 17일 금융권에 따르면 지난해 6월 외환은행을 시작으로 씨티 우리은행이 차례로 소셜커머스에 상품을 내놨다. 외환은행이 위메이크프라이스를 통해 내놓은 1000개의 신용카드는 시판 하루 만에 모두 팔렸다. 신용카드 가입 홈페이지를 소셜커머스와 바로 연결한 전략이 주효했다는 평가를 받았다. 그러나 다른 은행은 기대만큼 실적을 거두진 못했다. 씨티은행은 1월 쿠팡에서 무료로 쿠폰을 구매한 뒤 영업점에서 적금 상품에 가입하면 0.6 포인트의 우대금리를 주는 상품을 내놨다. 쿠폰은 3일 만에 1만200여 개가 팔렸지만 실제로 영업점을 찾은 고객은 3200여 명에 그쳤다. 우리은행도 2월 쿠팡을 통해 무료로 쿠폰을 구매한 뒤 우리은행 금융상품을 인터넷으로 가입하면 타행이체 수수료를 면제해주는 상품을 내놨다. 3일간 1만6000개의 쿠폰이 팔렸지만 실제로 팔린 금융상품은 1800여 개에 불과했다. 공짜에 끌려 쿠폰을 샀지만 막상 금융상품은 가입하지 않은 고객이 많았던 셈이다. 이 때문에 현재 하나 신한국민은행은 소셜커머스에 진출하지 않고 있다. 그러나 소셜커머스 진출이 젊은 고객층 유인효과가 크다는 분석도 나온다. 특히 외국계 은행은 소셜커머스를 통해 인지도를 높일 수 있다는 것이다. .화제의 뉴스남파공작원 통진당 로켓 감싸는 이유는부인 토막낸 남편 범행 동기 충격김구라 역대 대통령들을 개들 표현아파트에 질렸다 단독주택 없어서 못팔아화보태양절 열병식에 등장한 신형 장거리미사일모바일서비스 바로가기오늘의 동아일보동아닷컴기사동아일보.,https://news.naver.com/main/read.naver?mode=LSD&mid=sec&sid1=101&oid=020&aid=0002328549,1,0
2012/11/20 00:00:00,연합뉴스,"서울YMCA, 소갈비 등급조작 '쿠팡' 검찰 고발",서울는최근 등급이 낮은 호주산 소갈비를 최상급으로 속여 판매했다가 공정거래위원회에 적발된 소셜커머스 쿠팡을 사기 혐의로 검찰에 고발했다고 20일 밝혔다.자료사진서울서울는 최근 등급이 낮은 호주산 소갈비를 최상급으로 속여 판매했다가 공정거래위원회에 적발된 소셜커머스 쿠팡포워드벤처스 한국지점을 사기 혐의로 검찰에 고발했다고 20일 밝혔다.서울는공정위는 쿠팡에 시정명령을 내리고 과태료 800만원을 부과했지만 이번 사건은 형법상 사기죄이자 표시 광고의 공정화에 관한 법률 위반에 해당해 형사처벌이 가능한 사안 이라며 이같이 말했다.이 단체는공정위는 이런 사건에서 전속고발권을 행사하지 않아 기업의 불공정거래 행위에 미온적 태도를 보이고 있다 며각 대선 후보는솜방망이 처벌논란을 불러일으키는 공정위의 전속고발권을 반드시 폐지하라 고 촉구했다...이 시각 많이 본 기사서북도서 기습강점위협 증대..상륙훈련 반복 김태훈안민영의 사랑도 순수했다고 생각해요부대 찾은 김정은군시설 승마장으로 바꾸라 종합2보 한국여자골프 챔피언 해남서 최강자 가린다오바마미얀마첫 언급.. 외교적 예우 차원,https://news.naver.com/main/read.naver?mode=LSD&mid=sec&sid1=101&oid=001&aid=0005942998,1,0
2013/01/09 00:00:00,동아일보,짝퉁 미용용품 판매 소셜커머스 4곳에2300만원 과태료,소셜커머스 업체들이 짝퉁 미용용품을 일본의 유명 브랜드 정품인 것처럼 거짓 선전해 판매하다가 당국에 적발됐다.공정거래위원회는 8일 전자상거래법 위반 혐의로 티켓몬스터 쿠팡 위메이크프라이스 그루폰 등 4개 소셜커머스 업체에 시정명령을 내리고 과태료 2300만 원을 부과했다.공정위에 따르면 이들 업체는 지난해 6 7월 일본 유명 미용브러시인 아루티 모공브러시의 짝퉁 제품을 정품인 것처럼 광고해 모두 1535개6747만 원어치를 판매했다. 이들 업체는 홈페이지에 장인이 무려 2년이라는 세월에 걸쳐 완성한 최고 품질의 세안브러시 제조국 일본 제조사등의 문구를 넣은 것으로 밝혀졌다. 해외에서 짝퉁 제품을 수입해 이들 소셜커머스 업체에 납품한 중간유통업자는 현재 도주한 상태다. 과태료는 티켓몬스터 쿠팡 위메이크프라이스 등 3개사가 각각 500만 원 그루폰은 800만 원을 부과 받았다. 그루폰은 지난해 11월에 구매후기를 조작했다가 적발된 적이 있어 이번에 과태료 규모가 커졌다.적발된 업체들은 지난해 2월 마련한 소비자 보호 자율준수 가이드라인에 따라 해당 상품을 구매한 소비자들에게 제품 금액의 110 200 씩을 배상했다.세종 .화제의 뉴스슈밋 구글 회장 일행 평양 도착죽고 싶어자살토크를 파는 예능신용카드의 꽃 무이자 할부가 없어졌다해학과 낭만 가득한 조선시대 빨간책화보생방송뉴스 도중 포르노물 10분간 방송오늘의 동아일보동아닷컴기사채널인터넷 토픽동아일보.,https://news.naver.com/main/read.naver?mode=LSD&mid=sec&sid1=101&oid=020&aid=0002397668,1,0
2013/10/15 00:00:00,연합뉴스,'가격표시 꼼수' 소셜커머스 업체 4곳에 과태료 부과,쿠팡 티몬 위메프 그루폰 위반 반복세종소셜커머스의 할인율 과장 관행에 공정거래위원회가 철퇴를 내렸다.공정위는 거짓이나 기만적 방법으로 가격을 낮게 표시해 소비자를 유인한 4개 소셜커머스 사업자에 시정명령과 함께 과태료 총 4천만원 과징금 총 5천100만원을 부과했다고 15일 밝혔다.이번 제재 대상이 된 업체는 포워드벤처스사이트명 쿠팡 티켓몬스터 위메프 그루폰 등 주요 4개 업체다.국내 소셜커머스는 제한된 시간에 공동구매로 파격적인 할인 판매를 하는 전자거래 형태를 띠고 있다. 이 때문에 할인율이 소비자 구매 선택에 가장 큰 영향을 미치는 요인이다 보니 교묘한 방법으로 할인율을 과장해 표시한다는 지적이 많았다.공정위는 우선 상품명과 가격 정보만을 간략히 표시한 첫 화면에 사실과는 다른 거짓된 정보를 올려 소비자를 오인시킨 행위를 문제 삼았다.일례로 한 소셜커머스의 여행 레저코너 첫 화면은펜션 및 무한리필 바비큐 패키지상품이 56할인가인 3만5천원으로 표시했다.그러나 정작 상세 페이지로 들어가면 이는 바비큐를 제외한 숙박비만의 가격인 것으로 나타났으며 토요일 숙박에 바비큐 제공을 포함하려면 5만원을 추가해야 했다.이런 방식으로 결합상품 일부에 포함하지 않은 가격을 내걸면서 마치 그 결합상품 가격인 것처럼 거짓 가격표시를 하다 적발된 경우는 쿠팡 44건 티켓몬스터 26건 위메프 40건 그루폰 13건 등 총 123건이었다.대인 소인 가격 중 소인 가격만을 첫화면에 표시하는 식으로 소비자를 기만적으로 유인한 행위도 제재 대상에 올랐다.한 소셜커머스 업체는 여행 및 워터파크 관련 상품을 판매하면서 첫 화면에 소인 기준 가격이라는 표시 없이 소인이용권1만8천500원 가격만을 내걸고 대인 가격은 상세페이지에 들어가서야 확인할 수 있게 했다.이런 기만적 가격표시 행위로 적발된 경우는 쿠팡 12건 티켓몬스터 12건 위메프 5건 그루폰 3건 등 총 32건이었다.공정위는 4개 업체에 대해 거짓 기만적 소비자 유인행위를 금지할 것을 명령하고 업체당 1천만원씩 총 4천만원의 과태료를 부과했다.아울러 과거 시정조치에도 위반 행위를 반복함에 따라 4개 업체에 총 5천100만원의 과징금을 부과했다.이숭규 공정위 전자거래과장은이번 제재조치로 소셜커머스에서 건전한 거래관행이 정착될 수 있기를 기대한다 고 말했다. ..모바일앱 다운받기지금 뉴스스탠드에서 뉴스 를 만나보세요그림으로 보는인터랙티브 뉴스,https://news.naver.com/main/read.naver?mode=LSD&mid=sec&sid1=101&oid=001&aid=0006536582,1,0
2014/10/20 00:00:00,연합뉴스,소셜커머스 3사 국감 출석,서울20일 여의도 국회에서 열린 정무위의 공정거래위원회 한국소비자원 등에 대한 국정감사에서 증인으로 출석한 소셜커머스 기업 관계자들이 의원들의 질의에 답하고 있다. 왼쪽부터 박대준 쿠팡 그룹장 장석훈 위메프 이사 송철우 티켓몬스터 전무이사.2014.10.20..으리으리한앱 지금 바로 다운받으리오늘의뉴스를 보고 싶으면 일단 클릭저작권자무단 전재 재배포 금지,https://news.naver.com/main/read.naver?mode=LSD&mid=sec&sid1=100&oid=001&aid=0007197073,1,0
2014/12/11 00:00:00,연합뉴스,"쿠팡, 美블랙록 주도 3억달러 투자 유치",서울소셜커머스 쿠팡은 세계 최대 자산운용사인 미국 블랙록이 주도한 투자사들로부터 3억달러3천322억원 투자를 유치했다고 11일 밝혔다.한국 비상장기업과 전자상거래 업계 사상 최대 규모 투자 유치라고 쿠팡은 설명했다. 블랙록이 투자를 이끌고 웰링턴 그린옥스 로즈파크 등 세계 투자기관들이 참여했다.소셜커머스 최초로 당일 배송을 도입하고 거래액 70이상을 모바일 거래가 차지하는 점 등을 투자자들에게 높이 평가받았다고 회사 측은 전했다.이번 투자를 계기로 쿠팡은 당일 배송에 필요한 인프라와 기술을 한 단계 끌어올려 서비스를 전국으로 확대하고 판매상품 종류를 대폭 늘릴 예정이다.앞서 쿠팡은 지난 5월 미국 벤처캐피털 세쿼이아 캐피털로부터 1억달러1천26억원 투자를 유치한 바 있다.김범석 쿠팡 대표는앞으로도개발 인력과등에 대한 투자를 강화할 것 이라며편리한 쇼핑과 배송 서비스의 새로운 기준을 만들어 전 세계 전자상거래 시장을 이끌어 가겠다 고 말했다...앱 지금 바로 다운받기오늘의뭄바이 월드 보디빌딩대회저작권자무단 전재 재배포 금지,https://news.naver.com/main/read.naver?mode=LSD&mid=sec&sid1=101&oid=001&aid=0007294766,1,0
2015/04/14 00:00:00,연합뉴스,"국토부 ""소셜커머스 쿠팡 '로켓배송'서비스 일부 불법""",세종소셜커머스 쿠팡의 자체 배송 서비스인로켓배송 이 일부 불법이라는 국토교통부의 유권해석이 나왔다.쿠팡은 현재 경기 인천 대구 등지의 7개 물류센터에 배송직원인쿠팡맨약 1천 명과 1트럭 1천대 가량을 두고 고객들에게 자체 배송 서비스인 로켓배송을 제공하고 있다.구매한 물건의 가격이 9천800원 이하면 따로 배송비를 받고 이 금액을 넘으면 무료로 배송해준다.이에 대해 한국통합물류협회 등 택배업계는 쿠팡이 화물자동차 운수사업법을 위반했다며 지난달 국토부에 이의를 제기했다.현행 화물자동차 운수사업법 56조는 자가용 화물자동차를 유상으로 화물운송에 제공하거나 임대하는 행위를 금지하고 있다. 쿠팡이 보유한 트럭들은 회사 명의의 자가용 화물자동차하얀색 번호판로 등록돼 있다.국토부는 지난 2일 한국통합물류협회에 보낸 회신에서 물건을 산 고객에게 명시적으로 배송비를 부과하는 경우상품가격이 9천800원 이하는 화물자동차 운수사업법 위반이라고 판단했다.다만 무료배송의 경우상품가격이 9천800원 초과에는 배송비가 상품가격에 실질적으로 포함됐는지에 따라 판단이 달라진다고 밝혔다. 이는 택배업계의 고발이 있으면 법원이 판단할 문제라고 국토부 관계자는 14일 설명했다.이 관계자는쿠팡 측은 현행법을 위반할 생각이 없어 보인다 며다만 영업용 화물자동차 번호판노란색 번호판을 양수할지 모든 상품을 무료 배송할지 결정하지 못했고 시스템 개편 등이 필요해 시간이 약간 필요하다는 입장 이라고 전했다.국토부는 이번 경우와 같이 유통과 물류의 융합으로 제도를 개선할 필요성이 나타남에 따라 이와 관련한 의견청취를 위해 한국교통연구원 주관 간담회를 이달 말이나 다음 달 초에 열 예정이라고 설명했다.24..앱 지금 바로 다운받기오늘의악귀야 물러가라 붉은 축제랄 카크저작권자무단 전재 재배포 금지,https://news.naver.com/main/read.naver?mode=LSD&mid=sec&sid1=101&oid=001&aid=0007528613,1,0
2015/06/03 00:00:00,동아일보,택배 급증하는데… 화물차 2015년 증차 안한다,국토부 신규 공급 원칙적 금지인터넷 검색창에 영업용 번호판을 치면 2015년 6월 영업용 번호판 시세가 검색어 자동완성 기능으로 뜬다. 그만큼 영업용 번호판 시세를 검색해 보는 사람이 많다는 의미다. 비슷한 검색어로 조금만 더 검색해 보면 영업용 번호판을 얼마에 살 수 있다는 내용의 게시글들이 눈에 띈다. 일부 게시글은 아예 자동차 번호판의 시세를 시기와 세부항목별로 구분해 올려 놓기도 했다. 이에 따르면 지난달 기준 0.5 1화물카고 용달 번호판은 1800만 원 5 8화물 법인용 번호판은 2550만 원이다. 25트럭의 경우는 3000만 원을 넘어가기도 한다.물동량은 늘어나는데 정부가 화물차 신규 허가증차는 하지 않아 나타나는 현상이다. 그런데 앞으로 이런 현상이 더 심해질 것으로 보인다. 정부가 2013년과 지난해에 했던 증차를 올해는 하지 않기로 결정했기 때문이다. 이에 물류 수요를 감당하기 위해 불법 운행에 내몰리고 있는 업체들의 시름은 더 깊어지게 됐다. 국토교통부는 1일자 2015년도 화물자동차 운수사업 공급기준 고시를 통해 화물자동차 운송사업일반 개별 용달 화물자동차 운송사업은 신규 공급허가을 원칙적으로 금지한다고 밝혔다. 이에 따라 호송용현금수송용 차량 청소용 차량 탱크로리 등 특수차량을 제외하고는 증차가 이뤄지지 않게 됐다. 영업용으로 화물차를 쓰려는 사람은 정부의 허가를 받아 일반적인 하얀색 번호판 대신 노란색 번호판을 달고 운행해야 한다. 정부는 2004년 화물연대 파업 후 화물차 운전자가 난립해 기존 차량 운전자들의 생계를 위협하는 것을 막기 위해 새로 번호판을 발급하지 않아 왔다. 하지만 그동안 택배업이 활발해지며 물류 수요가 폭증했고 업체들은 증차를 해달라고 요구했다. 이에 정부는 파업 9년 만인 2013년에 1만1200대 지난해 1만2000대를 증차했다. 하지만 업계에서는 여전히 부족하다는 시각이다. 한국통합물류협회 측은 늘어나는 택배 수요를 감안했을 때 추가로 9000대의 차가 더 필요하다고 보고 국토부에 이런 뜻을 밝혀왔다고 설명했다. 하지만 정부가 증차를 하지 않기로 결정해 화물차 부족 현상은 계속될 것으로 전망된다. 업계에서는 현재 전국에 있는 화물차 3만9100여 대 중 8100대 정도는 자가용 하얀색 번호판을 달고 운영되는 것으로 보고 있다. 한 택배업계 관계자는 대형 업체는 그나마 낫지만 소규모 업체들은 전체 운영 차량의 20넘게 자가용 번호판을 달고 있는 경우도 있다고 전했다. 수요와 공급의 불균형으로 신규 번호판 허가를 받기 힘들다 보니 번호판 매매 외에도 다양한 부작용이 나타나고 있다. 대표적인 것이 쿠팡 로켓배송 논란이다. 소셜커머스 쿠팡은 자체 배송 서비스인 로켓배송을 하면서 자가용 하얀색 번호판을 단 차량을 이용했다. 이에 기존 업체들이 택배사업 허가를 받지 않고 불법 영업을 하고 있다며 지난달 21일 쿠팡을 당국에 고발하는가 하면 국토부도 위법 소지가 있다는 유권해석을 내놓았다. 이에 쿠팡은 로켓배송 대상을 9800원 이상 주문 고객에게만 한정 실시하기로 했다. 또 광주지방국세청은 지난달 초 영업용 번호판 매매 수익에 대해 과세하겠다는 방침을 밝혀 업체들이 반발하고 있기도 하다. 그나마 정부가 시행 방침을 밝힌 카파라치 제도의 본격 시행이 늦춰지고 있는 점은 업체들에는 다행이다. 이는 하얀색 번호판을 달고 화물차 영업을 하는 장면을 사진으로 찍어 신고하면 포상금을 주는 제도로 정부가 시행 방침을 밝혔음에도 신고 절차나 예산 마련 등은 지지부진한 상태다. 한 물류업계 관계자는 정부도 화물업계의 고충을 알고 있어 무작정 단속하겠다고 나서지는 않는 것 같다고 말했다..오늘의 동아일보동아닷컴기사채널종합뉴스,https://news.naver.com/main/read.naver?mode=LSD&mid=sec&sid1=101&oid=020&aid=0002801344,1,0
2015/06/04 00:00:00,동아일보,"손정의, 쿠팡에 10억달러 투자",쿠팡측 최근 1년간 벤처투자 규모로는 세계 3위재일교포 3세인 손정의일본명 손 마사요시 58 사진 회장이 경영하는 일본의 소프트뱅크가 한국의 온라인 쇼핑몰 쿠팡에 10억 달러약 1조1000억 원를 투자하기로 했다. 쿠팡은 3일 소프트뱅크로부터의 투자 유치 사실을 발표하며 10억 달러는 최근 1년간 전 세계 벤처기업이 한 번에 유치한 투자금액으로는 미국의 우버28억 달러 중국의 샤오미11억 달러에 이어 세 번째로 큰 규모라고 밝혔다.소프트뱅크의 투자 방식은 두 회사의 비밀 유지 협약에 따라 밝혀지지 않았다. 쿠팡은 지난해 5월 미국의 벤처캐피털사인 세쿼이아캐피털로부터 1억 달러 11월 미국 자산운용사인 블랙록으로부터 3억 달러의 투자를 받은 바 있다. 당시에는 신주 발행 방식으로 투자가 이뤄졌다. 쿠팡 측은 소프트뱅크로부터 유치한 금액까지 쿠팡의 최근 1년간 투자 유치 금액은 14억 달러약 1조5500억 원로 같은 기간 쿠팡을 제외한 국내 다른 벤처기업들이 유치한 투자 금액 합계의 2배 이상이라고 설명했다. 소프트뱅크는 성장 가능성이 큰 정보기술기업에 장기 투자를 하는 것으로 유명하다. 15년 전 소프트뱅크는 중국의 전자상거래 업체인 알리바바에 약 200억 원을 투자했다. 알리바바가 설립된 지 1년 만의 일이다. 알리바바는 현재 시가총액이 170조 원에 달하며 소프트뱅크는 알리바바의 지분 약 34 를 가진 최대 주주다. 소프트뱅크가 쿠팡에 거액을 투자한 것은 그만큼 쿠팡의 미래 가치를 높게 봤다는 의미다.쿠팡이 밝힌 소프트뱅크가 조 단위 투자를 결정한 배경은전국 단위의 물류센터를 구축해 전 세계적으로도 유례가 없는 직접 배송 서비스를 시행 중인 것거래액 중 75 가 모바일을 통해 이뤄질 만큼 모바일 쇼핑 분야에서 독보적인 위치에 있는 것이다. 손 회장은 소프트뱅크는 새로운 도전을 하는 혁신적인 사업가를 지원함으로써 성장한다. 쿠팡이 전자상거래를 더욱 혁신해 나갈 수 있도록 지원할 것이라고 밝혔다..오늘의 동아일보동아닷컴기사채널종합뉴스,https://news.naver.com/main/read.naver?mode=LSD&mid=sec&sid1=101&oid=020&aid=0002802004,1,0
2015/09/14 00:00:00,연합뉴스,국정감사 출석한 소셜커머스 업체 관계자들,서울14일 국회에서 열린 산업통상자원위원회의 국정감사에서 증인으로 출석한 박은상 위메프 대표이사왼쪽부터 박대준 쿠팡 이사 신현성 티켓몬스터 대표이사가 의원들의 질의에 답변하고 있다. 2015.9.14..현장영상아소산 분화 거대 연기 2천상공까지오늘의 핫 화보제가 미스 아메리카랍니다저작권자무단 전재 재배포 금지,https://news.naver.com/main/read.naver?mode=LSD&mid=sec&sid1=100&oid=001&aid=0007854490,1,0
2015/09/14 00:00:00,연합뉴스,"신동빈도 나가는데…쿠팡 김범석 ""농구하다 다쳐 국감불참""",김범석 쿠팡 대표 갑질논란 소셜커머스 3사 대표 중 유일하게 불참서울협력업체에 대한갑질논란 등으로 소셜커머스 업체 3사의 대표가 모두 14일 국정감사 증인으로 채택된 가운데 유일하게 쿠팡.의 김범석 대표만 국감장에 모습을 드러내지 않았다.이날 국회 산업통상자원위원회 국감장에는 일반 증인으로 채택된 박은상 위메프 대표 신현성 티몬 대표가 참석했다. 하지만 소셜커머스 3사 가운데 유일하게 쿠팡 김범석 대표만 모습을 드러내지 않고 박대준 부사장이 대신 참석했다.이에 대해 쿠팡 관계자는최근 김 대표가 농구를 하다가 다쳐 거동이 불편하기 때문에 국감에 나갈 수 없다 고 설명했다. 이날 국감에서 의원들은 주로 소셜커머스의 협력업체에 대한 부당행위 과도한 출혈경쟁 등을 따져 물었다.최근 오픈마켓판매자 소비자 거래 중개 진출을 선언한 쿠팡에 대해서는 오픈마켓 사업 이후 소비자 판매자 관리 보호 대책을 질의할 예정이었다. 쿠팡은 협력업체와 업무제휴 협약서 등을 체결하면서정하는 기간 쿠팡의 경쟁회사소셜커머스와는 동일한 관계판매기간 판매조건 판매상품를 맺지 않기로 한다 고 못박는 등배타조건부 거래 를 통해 공정거래법을 위반했다는 지적을 받고 있다.또 이른바로켓배송 이라는 이름의 배송 서비스를 비영업용 일반 차량으로 진행하면서 기존 물류업계와도 끊임없이 충돌하며 논란을 빚고 있다. 현행 운수사업법에 따르면 비영업용 차량으로 돈을 받고 물건을 배송하는 행위는 불법이다. 이에 대해 쿠팡은배송비를 받지 않아 일반 택배와 성격이 다르다 고 주장하고 있다.유통업계 관계자는재계 5위인 롯데그룹의 신동빈 회장은 우리 말이 다소 부자연스러운데도 불구하고 국회를 존중해 국감 증인으로 출석하겠다고 밝혔는데 갑질 의혹을 받는 소셜커머스 대표가 운동하다 다친 것을 핑계로 국감을 피한다면 국민들이 이해하기 어려울 것 이라고 지적했다.999..현장영상아소산 분화 거대 연기 2천상공까지오늘의 핫 화보제가 미스 아메리카랍니다저작권자무단 전재 재배포 금지,https://news.naver.com/main/read.naver?mode=LSD&mid=sec&sid1=101&oid=001&aid=0007854496,1,0
2015/09/16 00:00:00,연합뉴스,"'또 갑질논란' 쿠팡…""짝퉁판매·허풍보장에 업체 도산""",농구를 하다 발목을 다쳤다 며 국회 증인 출석을 거부한 쿠팡 김범석 대표.홍영표 의원 국감서 지적 쿠팡해당업체 공갈미수로 고소서울협력업체에독점공급 을 강요해 물의를 빚고 있는 온라인쇼핑사이트 쿠팡대표 김범석.이 가짜 상품 판매와뻥튀기판매보장으로 진품 판매업체를 도산으로까지 몰아넣었다는 증언이 국회에서 나왔다.16일 국회 산업통상자원위원회 소속 홍영표 의원새정치민주연합에 따르면 쿠팡은 지난해 4월 21일부터 23일까지업체로부터 등산용 힙색허리에 두르는 소형 배낭을 공급받아 판매했다.하지만 이 상품은 원래스윙고 라는 업체의 특허제품특허등록 제954496호 2010년 4월 15일 등록으로 쿠팡이 판매한 제품은 생산자스윙고가 출고한 적이 없는무자료 거래 제품 으로 확인됐다.사실상짝퉁 을 사들여 판매한 셈으로 쿠팡은 아직 판매 제품들의 정확한 유통경로나 진위 등을 파악하지 못하고 있다.성남의 이른바땡처리재고처리시장 제품들을 공급받은 것으로 추정된다 는 답변이 전부였다는 게 홍 의원실의 설명이다.원생산자 스윙고는 가짜 제품사후관리 서비스 신청을 받고서야 쿠팡의 짝퉁 판매 사실을 알았다. 짝퉁 판매 당시 스윙고 홈페이지의 상품 설명과 상호가 그대로 노출됐기 때문에요청이 스윙고 쪽으로 접수된 것이다.원생산자 스윙고는 즉시 쿠팡측에 항의했고 작년 4월 23일 쿠팡은 해당 제품의 판매를 중단했다.하지만 스윙고는 이미 쿠팡의 짝퉁 판매로 큰 피해를 보고 난 뒤였다. 2만원대에 블랙야크 빈폴 등 유명 아웃도어 패션 브랜드에 공급되던 제품이 쿠팡에서는 1만원대에 헐값으로 팔리자 기존 거래선들이 떨어져 나갔다.쿠팡은 이 같은 처지의 스윙고에시가 20억원 상당 5만개 판매 보장 을 제안하며 짝퉁 판매 과실에 대한 무마에 나섰다고 홍 의원실과 김 대표는 주장했다.홍 의원이 공개한 스윙고 김정수 대표와 쿠팡 구매담당팀장과의 대화 녹취에서는 김 대표가우리쿠팡가 보상 차원에서 5만개 정도 자기가 봤을 때 제품이 괜찮으니 팔 수 있는데 그렇게 해주면 어떻겠습니까. 이렇게팀장이 얘기했지 라고 묻자 해당 팀장은예 라고 사실을 인정했다.하지만 실제로 쿠팡이 판매한 스윙고 제품은 1천500개뿐이었고 결국 이 업체는 도산했다. 도산한 스윙고 업체 창고에 쌓여있는 재고홍 의원이 지난 14일 산업통상자원위원회산자위 국정감사에서 녹취를 직접 들려주며 사실 관계를 따져묻자 박대준 쿠팡 정책실장은녹취 내용을 처음 듣는다. 확인해보겠다 고만 답변했다.홍 의원은 다음 달 6일 열리는 산자위 종합 때까지 해결 방안을 내놓으라고 쿠팡에 요청한 상태이다.김정수 스윙고 대표는 와의 통화에서도어제 국감에서 쿠팡의 반응을 보고 억울해서 밤새 잠을 한숨도 못 잤다 며5만개 판매를 보장한다고 해놓고 이후 판매량이 적다고 항의하니판매담당자가아직도 그 딜판매을 하고 있나요 라고 묻더라. 가짜를 팔아 피해를 입히고도 그렇게 뻔뻔하게 나오니 지난 3월 제기한 소송을 취하할 마음이 조금도 없다. 녹취 등 증빙 자료는 충분하다 고 설명했다.이 사건에 대한 공식 답변을 요청하자 쿠팡은업체에 정상적으로 세금계산서 발행했기 때문에 무자료 거래가 아니다 라며5만개 개런티 주장이나 스윙고 파산 원인이 쿠팡에 있는지 등에 근거가 없어 우리도 공갈미수 등의 혐으로 고소한 상태 라고 밝혔다.이 같은 쿠팡 해명에 대해 김 대표는날 고소했다는 사실도 몰랐다. 내가 공갈 협박한 것이 사실이면 지난주에 왜 쿠팡 사람들이 합의하자고 찾아왔는지 이해가 되지 않는다 고 말했다.이 밖에 14일 산자위 첫 국감에서 쿠팡은 의원들로부터 공정거래법을 어기고 협력업체에 독점공급을 강요했다는 지적도 받았다.협력업체와 업무제휴 협약서 등을 체결하면서정하는 기간 쿠팡의 경쟁회사소셜커머스와는 동일한 관계판매기간 판매조건 판매상품를 맺지 않기로 한다 고 못박는 등배타조건부 거래 를 통해 공정거래법을 위반했다는 것이다.이 같은 다양한갑질논란 때문에 김범석 쿠팡 대표는 이번 산자위 국감에 증인으로 채택됐으나농구를 하다 다쳐 나갈 수 없다 며 결국 14일 국감 현장에 나타나지 않았고 대신 박대준 정책실장을 내보냈다.소셜커머스 3사 대표 가운데 쿠팡 김범석 대표를 제외한 박은상 위메프 대표 신현성 티몬 대표는 모두 국감 현장에 참석해 직접 의원들의 질문에 대답했다.999..현장영상야생 사슴 호텔 습격사건 침입 경로가오늘의 핫 화보다음 여름도 뜨겁다타미힐피거 비치룩 패션쇼 저작권자무단 전재 재배포 금지,https://news.naver.com/main/read.naver?mode=LSD&mid=sec&sid1=105&oid=001&aid=0007858133,1,0
2015/11/03 00:00:00,연합뉴스,"쿠팡 ""2017년까지 1조 5천억원 투자해 일자리 4만개 창출""",서울3일 오전 서울 중구 소공동 조선호텔에서 열린 간담회에서 김범석 대표가쿠팡의 혁신과 변화 를 주제로 대규모 채용 및 로켓배송 투자 계획 등 향후 사업전략을 발표하고 있다.쿠팡은 오는 2017년까지 1조5천억원을 투자해 자체 배송 인력인 쿠팡맨 등 직 간접 고용인원 4만명을 채용하고 전국 물류센터를 현재의 14곳에서 21곳으로 늘리겠다고 밝혔다. 2015.11.3쿠팡 제공..현장영상형님 축하드립니다칠성파 간부 특급호텔서 결혼오늘의 핫 화보하얀 안개 속 영국 몽환적 풍경 저작권자무단 전재 재배포 금지,https://news.naver.com/main/read.naver?mode=LSD&mid=sec&sid1=101&oid=001&aid=0007961906,1,0
2015/11/04 00:00:00,연합뉴스,"""쿠팡 로켓배송 불법"" vs ""택배사 딴죽걸기"" 공방",로켓배송금지 가처분 소송서 쿠팡 택배업체 설전서울전자상거래 업체 쿠팡의 자체 배송 서비스인로켓배송 을 놓고 기존 택배업체와 쿠팡 측이 법정에서 치열한 공방을 벌였다.대한통운 등 택배회사 11개는 지난달 13일 쿠팡의 로켓배송을 금지해달라며 법원에 가처분 신청을 냈다.서울중앙지법 민사합의51부조용현 부장판사 심리로 4일 열린 심문기일에서 택배회사 측 변호인은쿠팡이 허가받지 않고 자가용 화물차로 상품을 배송하고 있다 며화물자동차 운송사업을 엄격히 규제한 화물자동차운수사업법 위반이다 라고 주장했다.또아무리 소비자를 위해도 과정이 공정하고 적법하게 이뤄져야 하는 것은 당연하다 며쿠팡은 소비자 이익 고용창출 지역경제 활성화 등 운운하지만 모든 것이 쿠팡의 이익을 위한 것이고 납품업체 상대 착취나갑질쿠팡맨 배송 직원에 대한 부당노동행위도 문제가 되고 있다 고 공격했다.반면 쿠팡 측 변호인은쿠팡은 로켓배송이란 혁신적인 배송 시스템으로 세계적인 전자상거래 회사로 도약하려는 국내 벤처업체임에도 국내 굴지의 택배업체들이 기득권 지키기 차원에서 발목을 잡고 딴죽을 건다 고 맞섰다.이어로켓배송은 생산자에게 직접 대량으로 물건을 저렴하게 구매한 뒤 자체 배송 인력을 고용해 구매자에게 직접 전달해주는 비즈니스 모델 이라며규제 대상이 된다면 자영업자들이 자기 차량을 이용하는 배달 서비스인 꽃집의 꽃 배달이나 중국집의 자장면 배달까지 화물운송사업에 해당된다는 얘기 라고 반박했다.또택배회사들은 자사 영업이익을 침해하는 불법행위라 주장하지만 애초에 화물자동차 운수사업법 규제 대상이 아니다 라며시행 1년7개월 동안 각 회사가 어떤 손해를 입었는지도 제대로 주장하지 못하고 있어 권리 보전 필요성도 전혀 없다 고 덧붙였다.쿠팡은 택배회사들의 가처분신청 등 반발에도 아랑곳하지 않고 간담회를 열어 2017년까지 1조5천억원을 투자해 쿠팡맨 등 4만명을 채용하고 전국 물류센터를 현재의 14곳에서 21곳으로 늘리겠다고 밝혔다...현장영상세계 첫로봇 여배우일본 영화 주연오늘의 핫 화보레알 마드리드 챔스리그서제압 16강 확정저작권자무단 전재 재배포 금지,https://news.naver.com/main/read.naver?mode=LSD&mid=sec&sid1=101&oid=001&aid=0007964423,1,0
2015/12/10 00:00:00,동아일보,"쿠팡, 자체 개발한 실시간 계좌 이체형 간편결제 서비스 도입",동아2015년 12월 10일 쿠팡대표 김범석.이 복잡한 인증절차 없이 쉽고 안전하게 계좌이체할 수 있는 간편결제 서비스를 직접 개발해 도입한다고 밝혔다.쿠팡은 이번에 새롭게 선보이는 간편결제 서비스는쉬운 계좌이체 서비스 로 복잡한 개인인증 결제과정 등 평소 불편함을 느꼈던 문제점을 개선했다고 설명했다. 또한 별도로 앱을 내려받을 필요 없이 쿠팡 웹사이트나 앱에서 상품을 검색하고 물건을 구매할 때 바로 사용 할 수도 있다.이번 서비스는 고객이 등록한 주거래 은행계좌에서 물건 구매금액을 실시간으로 계좌이체하는 형태로 현금영수증을 발급해 연말정산 시 소득공제도 받을 수 있다. 현재 이용할 수 있는 은행은 신한 우리 국민농협 등 총 4개 사이며 향후 확대할 예정이다.처음 서비스를 이용할 때 주거래 은행계좌 정보와 개인인증번호6자리를 입력한 후 간단한본인인증 절차를 거치면 등록이 완료된다. 이후액티브설치나공인인증서없이 비밀번호 입력 만으로 간편하게 결제할 수 있다.쿠팡 간편결제 서비스는 안드로이드 버전에 우선 적용되며버전은 올해 안에 도입할 계획이다. 특히버전의 경우 기존 비밀번호 입력방식 외 지문인식 기능을 추가해 결제 시간을 단축할 수 있다.쿠팡 관계자는간편결제 서비스 도입을 통해 쿠팡 이용 시 차별화된 쇼핑경험을 체험할 수 있을 것 이라며쉽고 편리하고 안전한 결제 서비스로 쿠팡의 간편결제 서비스가 자리잡을 수 있도록 서비스를 보완하고 개선할 계획 이라고 말했다.글동아 권명관.사용자 중심의저널동아..동아 게임동아의 다양한 소식을 페이스북으로도 만나보세요. 동아닷컴과동아가 함께 운영하는교육 및 콘텐츠 개발 전문 교육기관 스킬트리랩. 당신의 무한한 가치를 응원합니다..,https://news.naver.com/main/read.naver?mode=LSD&mid=sec&sid1=105&oid=020&aid=0002913279,1,0
2016/01/01 00:00:00,연합뉴스,"'폭풍성장' 온라인쇼핑몰 매출, 마침내 대형마트 제쳤다",지난해 1 10월 20급증 대형마트는 2.2찔끔 증가 티몬 쿠팡소셜커머스 약진 백화점 매출은 0.2감소세종해마다 두 자릿수대 성장률을 보여온 온라인쇼핑몰을 통한 판매액이 처음으로 대형마트를 넘어섰다.1일 통계청에 따르면 지난해 1 10월 온라인쇼핑 판매액은 43조6천46억원으로 롯데마트 이마트 등 대형마트 판매액40조2천734억원보다 3조3천312억원 많았다.지난해 1 10월 온라인쇼핑몰 판매액은 전년 같은 기간보다 19.4증가한 반면에 대형마트 판매액은 2.2늘어나는 데 그쳤기 때문이다.이런 추세라면 연간으로 따진 온라인쇼핑몰 판매액도 지난해 처음으로 대형마트를 넘어선 것이 확실시된다.2010년 25조2천억원 규모이던 온라인쇼핑몰 판매액은 5년 만에 80 가량 급성장했다.온라인쇼핑몰 판매액은 2011년 15.42012년 17.22013년 13.0지난해 19.4등 매년 10 대 성장률을 기록했다.반면 대형마트 판매액은 2011년 10.92012년 6.32013년 2.4등 갈수록 성장세가 둔화되고 있다.2014년엔 대형마트 판매액47조4천969억원이 온라인쇼핑몰45조3천25억원을 2조 원가량 앞섰지만 지난해부터 전세가 역전됐다.온라인쇼핑몰 판매액이 급격히 늘어난 데는 티몬 쿠팡 위메프 등 소셜커머스 업체의 성장이 영향을 미친 것으로 분석된다.국내 소셜커머스 시장은 2010 2014년 연평균 360 씩 성장해 2014년엔 5조5천억원의 매출을 올렸다.온라인 채널 가운데서도 모바일 거래액이 특히 폭발적으로 성장하고 있다.소셜커머스업체 티몬의 경우 지난해 11월 매출 가운데 78 가 모바일에서 발생했다.메르스중동호흡기증후군 사태로 소비자들이 오프라인 마트 백화점 등에서 장보기를 꺼리면서 작년 5 7월에는 모바일 비중이 80 85 까지 치솟기도 했다.온라인 쇼핑의 주도권이에서 모바일 기기로 옮겨가고 있는 것이다.2013년 6조6천억원이었던 모바일쇼핑 거래액은 2014년 14조9천억원 지난해 1 10월은 19조3천억원으로 늘었다.지난해 판매액이 10년 만에 감소세를 보인 백화점은 올해도 분위기를 뒤집지 못했다.지난해 1 11월 백화점 판매액은 26조3천854억원으로 작년 같은 기간보다 0.2줄었다...현장영상일본에서 발견된대왕 오징어근접 촬영오늘의 핫 화보백악관 전속 사진사피트 수자 가 기록한 오바마의 2015년 저작권자무단 전재 재배포 금지,https://news.naver.com/main/read.naver?mode=LSD&mid=sec&sid1=101&oid=001&aid=0008088760,1,0
2016/01/14 00:00:00,연합뉴스,SKT·LGU+·카카오·쿠팡 개인정보 불법 보관하다 '혼쭐',폰팅 업체에 개인정보 유출한 효성 하이엔도 시정명령서울텔레콤과유플러스 카카오 포워드벤처스쿠팡 등 8개 통신 포털업체가 활동이 없는 가입자들의 개인정보를 파기하지 않고 계속 보관해온 것으로 드러났다.방송통신위원회는 14일 전체회의를 열고 개인정보 유효기간제를 준수하지 않아정보통신망 이용촉진 및 정보보호법및 시행령을 위반한 8개 업체에 대해 과태료 총 1억1천만원과 시정조치를 명령하기로 의결했다고 밝혔다.개인정보 유효기간제란 1년 이상 서비스를 이용하지 않은 이용자는 개인정보를 파기하거나 다른 이용자의 개인정보와 분리해 별도로 저장 관리하도록 한 것을 말한다.종전에는 미활동 이용자의 개인정보 보관기간이 3년이었으나 지난해 정보통신망법 시행령이 개정되면서 1년으로 단축됐다.방통위는 통신 포털 미디어 게임 인터넷쇼핑 등 5개 업종의 주요 업체 27곳을 상대로 지난해 10 12월 조사해 이를 위반한 8개 업체를 적발했다.법 위반 업체는텔링크 줌인터넷 엠게임 포워드벤처스쿠팡 코리아닷컴커뮤니케이션즈 등이다.업체별 위반 내용을 보면텔레콤의 경우 당초 개인정보 유효기간제의 시행일작년 8월 18일을 넘긴 9월 16일부터 시행에 들어갔다. 파기 또는 별도저장 조치를 해야 하는 주기도 5영업일원칙은 매일인데텔레콤은 임의로 분기별 1회씩 실시했다.그 결과 조사 당일인 지난해 11월 3일 개인정보 13만7천387건을 불법적으로 갖고 있다 적발됐다.유플러스는 방통위 조사를 받은 이후인 지난해 11월 23일에야 시행에 들어갔다. 조사를 받은 11월 6일에는 168만2천510건을 불법 보유하고 있었다.카카오의 경우 시행 주기를 어겨 한 달에 1번 파기 또는 별도저장 조치를 하다 적발됐다.또 엠게임은 개인정보 유효기간제를 일부 이용자에게만 적용했다가 포워드벤처스쿠팡는 자신들이 보낸 메일을 단지 열어보기만 한 이용자도 활동 중인 이용자로 분류해 개인정보를 삭제하지 않았다가 각각 적발됐다.방통위는 대형 사업자가 앞장서서 개인정보를 보호해야 하는데도 위법행위가 나타난 것은 큰 문제라고 보고텔레콤 등 7개 업체에는 법이 허용한 최고 금액인 1천500만원의 과태료를 부과했다.코리아닷컴커뮤니케이션즈에는 500만원이 부과됐다.방통위 관계자는앞으로도 과다한 개인정보를 보유하지 못하도록 지속적으로 점검할 것 이라고 말했다.방통위는 또 개인정보 처리시스템의 관리자 아이디와 비밀번호를 소홀히 관리한 060 전화 부가서비스 결제대행사업자 효성과 하이엔에 대해 시정조치 명령과 5천만원과징금 3천만원 과태료 2천만원을 부과하기로 결정했다.이들 업체의 관리 소홀로 인해 전화 데이트일명 폰팅 업체 직원이 접근해 개인정보를 유출하는 사고가 일어났다.방통위는 또 개인정보 관리를 소홀히 한 다른 결제대행사업자 2곳에 대해서도 개선권고를 내렸다...영상택시기사 폭행사건에 거짓말탐지기 동원 왜오늘의 핫 화보신비로운 거대 설치작품들의 향연 미국 원더스 전시 저작권자무단 전재 재배포 금지,https://news.naver.com/main/read.naver?mode=LSD&mid=sec&sid1=105&oid=001&aid=0008117957,1,0
2016/02/18 00:00:00,연합뉴스,대형마트 vs 소셜커머스…'가격경쟁' 본격화,이마트 롯데마트 기저귀 분유 최저가 판매 시작서울대형마트들이 온라인쇼핑몰과 소셜커머스 등을 상대로가격 전쟁 을 선포했다. 온라인의 공세에 생활필수품 시장이 잠식당하자 가격 경쟁력 강화에 나선 것이다.이마트는 대형마트 업계 내에서 경쟁해온 틀을 깨고 온라인몰과 소셜커머스 등 유통 전 채널로 가격 경쟁을 확대키로 했다고 18일 밝혔다.그 첫 상품으로 온라인몰과 소셜커머스 업태의 대표 상품인 기저귀를 선정 이날부터 온 오프라인 전체 채널 최저가로 판매하기로 했다.이번에 선보이는 상품은 하기스 매직팬티 박스형대형 92개 2만8천500원 특대형 76개 2만9천600원과 마미포코 360핏 팬티 박스형대형 72개 1만8천500원 특대형 54개 1만7천200원으로 이마트 매장과 이마트몰에서 같은 가격에 판매된다.대형마트 업계와 비교해서는 최대 35소셜커머스 등 온라인 업체보다도 최대 15 가량 저렴한 가격이라고 이마트는 설명했다.이마트는 지난달부터 롯데마트 홈플러스샵몰 현대 몰 쿠팡 티몬 위메프 등 8개 온 오프라인 유통업체 가격을 조사해 최종 판매가를 결정했다고 전했다.이마트는 앞으로도 이들 업체의 주간 가격을 관찰해 상시 최저가로 운영할 방침이라고 덧붙였다.이마트는일부 업체가 한정된 적은 수량을 최저가로 내세워 소비자를 현혹해 가격 질서를 흔드는 관행에서 탈피해 정상적인 가격 경쟁 체계를 만들어 가겠다 고 밝혔다.해당 상품은 1주일간 각 5만여 개를 준비했으며 일시적인 품절이 일어날 경우를 대비해품절제로보상제상품으로 지정했다.품절제로보상제 는 품절로 상품을 구매하지 못했을 경우 행사 가격으로 구매를 보증해주는 제도이다.이마트는기저귀 최저가 판매는 특히 소셜커머스 업체를 정조준했다 며이마트가 언제든 가장 좋은 가격으로 상품을 구매할 수 있는 유통업체임을 각인시키고 소셜커머스에 영향을 받은 일부 상품에 대한 경쟁력도 일거에 회복하겠다는 것 이라고 말했다.기저귀는 소셜커머스 업체들의 핵심 상품 중 하나로 지난해 이마트에서는 매출이 26.3감소했다.이마트는 기저귀를 시작으로 지속적으로 유통 전 채널을 망라하는 최저가 상품을 늘릴 계획이다.롯데마트도 소셜커머스와의 가격경쟁을 본격화한다.롯데마트는 소셜커머스 시장에 빼앗긴 수요를 되찾기 위해 18일부터 분유 상시 최저가 판매에 들어간다고 이날 밝혔다.남양 임페리얼8003입 3단계를 5만5천600원에 4단계는 5만6천600원에 판매된다. 이는 온 오프라인을 합친 전체 유통채널에서 가장 낮은 가격이라고 롯데마트는 설명했다.롯데마트 송승선 유아용품부문장은아이를 키우며 상대적으로 부담이 큰 분유가격을 낮춰 가계 부담을 줄이고자 했다 며추후 조사를 통해 지속적으로 저렴한 가격으로 유아용품을 판매할 계획 이라고 말했다...현장영상오바마트럼프 대통령 안될 것 리얼리티쇼 아냐오늘의 핫 화보터키 도심서 또 차량 폭탄테러 90여명 사상 저작권자무단 전재 재배포 금지,https://news.naver.com/main/read.naver?mode=LSD&mid=sec&sid1=101&oid=001&aid=0008193915,1,0
2016/03/03 00:00:00,경향신문,"이마트와 경쟁 중인 쿠팡, 4000억원 적자설··· 새 경영모델 성공할까",최근 이마트와의 가격전쟁을 벌이고 있는 온라인 쇼핑사이트 쿠팡이 지난해 4000억원 이상의 적자를 낸 것으로 알려졌다. 쿠팡의 적자 요인으로는 쿠팡맨과 물류센터 등을 포함한 배송 물류 관련 비용의 증가가 꼽혔다. 쿠팡은 업계에 돌고 있는 4000억원대의 적자설에 대해 물류 투자 강화 때문에 적자 폭이 커진 것은 사실이나 확정적 수치는 발표된 게 없다는 입장이다. 그러나 업계에서는 소셜커머스로 함께 분류되는 경쟁사들이 작년 적자 규모가 1000억 2000억원대에 이른다고 인정하는 가운데 쿠팡의 거래액 매출 물류비용 등을 추산하면 영업손실 규모가 최소 4000억원을 넘을 것으로 추정하는 상황이다. 쿠팡은 지난 2014년에도 1215억원의 적자를 냈다. 이는 티몬영업손실 246억원 위메프영업손실 290억원의 네 배를 웃도는 수치였다.쿠팡의 적자 폭이 해마다 눈덩이처럼 불어나는 가장 큰 요인으로는 쿠팡맨과 물류센터 등을 포함한 배송 물류 관련 비용이 꼽힌다. 쿠팡은 현재 전자상거래 업계 가운데 가장 적극적으로 직접 물건을 사들여 직접 배송하는 시스템을 운영하는데 이 같은 직매입 물류 방식은 택배사와의 제휴 등을 통한 배송 시스템에 비해 비용이 두 배 이상 든다는 게 업계의 설명이다. 대규모 부지의 물류센터를 확보 운영하고 쿠팡맨과 같은 배송 인력과 차량을 직접 고용하는데 큰 돈이 들기 때문이다.적자폭이 늘어나면서 김 대표가 공언했던 배송 인력 강화에도 차질이 빚어질 것으로 예상된다. 김범석 대표는 지난해 11월 언론 간담회에서 배송 인력 강화를 위해 현재 3500여명인 쿠팡맨을 2015년 말까지 5000명 2016년 1만명 2017년 1만5000명까지 늘리겠다고 밝힌 바 있다. 그러나 3월 현재 쿠팡맨 수는 3600여명으로 지난해와 큰 차이가 없다. 경향비즈팀1..인기만화 웹툰 전권 무료만화 보기 모바일 경향경향 뉴스진경향신문 앱모바일웹공식 소셜네트워크서비스 계정경향 트위터페이스북세상과 경향의 소통 커뮤니티경향신문..경향신문은 한국온라인신문협회..의 디지털뉴스이용규칙에 따른 저작권을 행사합니다.,https://news.naver.com/main/read.naver?mode=LSD&mid=sec&sid1=101&oid=032&aid=0002680816,1,0
2016/04/11 00:00:00,연합뉴스,물가 잡는 최저가 경쟁…기저귀·분유 등 1년전보다 내려,참치캔 세제 냉동식품 라면도 가격 뒷걸음서울신호경 박초롱전체 물가는 오름세를 유지하고 있지만 온 오프라인 유통업체들의 치열한 가격 경쟁 영향으로 일부 생필품은 오히려 1년전보다 더 싸진 것으로 나타났다.11일 통계청 국가통계포털.에 따르면 올해 3월 기준 소비자물가지수는 110.46으로 지난해 같은 달109.38보다 1.08올랐다.하지만 품목별 소비자물가지수를 따져보면 주요 생필품 가운데 오히려 물가가 떨어진 경우도 적지 않다.우선 온라인과 오프라인 유통업체들의 최저가 경쟁이 집중되는 종이기저귀와 분유의 경우 1년사이 각각 0.06 112.28 112.22 7.5 117.18 108.39 품목 물가지수가 하락했다.최근 이마트가 세 번째 최저가 품목으로 내세운 참치캔을 포함한 생선통조림119.98 118.16도 1.82낮아졌고 대표적 가공식품인 라면107.99 107.57도 0.42떨어졌다.이 밖에 세탁세제 7.5키친타월 5.22섬유유연제 12.8냉동식품 1.04샴푸 0.03구강세정제 0.71등도 전반적으로 시중 유통가격이 더 저렴해졌다.통계청의 소비자물가는 약 2만6천개 전국 소매 점포와 서비스 업체를 대상으로 조사 시점의 실제 거래가격을 기준으로 집계된다.아직 온라인 유통업체의 가격이 직접 물가지수에 반영되지는 않고 있지만 최근 치열하게 전개되는 온 오프라인 유통업체간최저가 경쟁 이 주요 생필품 물가를 끌어내리린 것으로 유통업계는 분석하고 있다.최근 수 년간 소셜커머스를 포함한 온라인 쇼핑몰들이생존차원에서 선제적으로 가격 인하 경쟁을 벌여왔는데 올해 2월부터는 오프라인 대형마트들까지 본격적으로 이 싸움에 뛰어들면서 대표적으로 경쟁이 심한 품목들의 물가지수에서 서서히 가시적 영향이 나타나고 있다는 설명이다.예정대로 통계청이 오프라인 유통 채널 중심의 물가지수를 보완하기 위해 올해 말 주요 온라인 쇼핑몰 가격을 반영한온라인 물가지수 를 공표하면 유통업체간 최저가 경쟁이 소비자의 생필품 체감 물가에 미친 충격은 더 뚜렷하게 드러날 전망이다.실제로생필품 가격 역주행양상은 10원 단위 가격 경쟁이 일상적으로 벌어지는 온라인 시장 가격 추이에서 더 확연하다.예를 들어 소셜커머스 티몬..에 따르면 3월말 기준 티몬 사이트에서 판매되는 화장지 세제 등 핵심 생필품 10여 가지의 최저가를 지난해 같은 시점과 비교한 결과 최대 17.5평균 7.3낮았다.1년새 가격 인하 폭이 가장 큰 제품은 리큐 액체세제리필 2 로 지난해 4천280원이었던 최저가가 올해 3천530원으로 17.5싸졌다. 쌀10가격도 같은 기간 2만1천500원에서 1만8천900원으로 12.1떨어졌고 햇반21011.5인하 백산수212 9.2인하 동원참치1006.2인하 등의 가격도 하락했다.이미 지난해 기저귀 등 육아용품 할인과 빠른 배송으로 큰 인기를 얻은 쿠팡..에서도 기저귀 하기스 매직팬티 대형4단계과 특대형5단계 1장당 가격이 올해 2월 중순부터 3월 중순까지 한달 동안에만 각각 2 309.77원 303.33389.44원 381.39원 더 떨어졌다.분유의 경우도 임페리얼4단계3개입와 앱솔루트 명작 3단계3개입 100 당 가격이 같은 기간 각각 2.2 2천308.33원 2천258.33원 2.8 2천200원 2천137.50원 추가 하락했다.이처럼 가격과 배송을 무기로 젊은 온라인 쇼핑업체들이 빠르게 유통 시장을 잠식하자 전통 유통채널 이마트도 지난 2월 18일부터 온 오프라인을 통틀어 가장 싸게 기저귀를 팔겠다며최저가 전쟁 을 선포했다.동종 대형 할인점 업계 경쟁사보다 최대 35싸고 소셜커머스 등 온라인 업체와 비교해도 15 나 저렴하다는 게 당시 이마트의 설명이었다. 이후 이마트는 분유 여성위생용품생리대 참치캔 스팸 샴푸 세탁세제 주방세제로까지 최저가 할인 품목을 늘려가고 있다.이같은생필품 가격 경쟁 물가 하락추세는 당분갈 이어질 것이라는 관측이 우세하다.온라인 쇼핑몰 관계자는통계청 집계 전체 물가지수는 올랐지만 주요 생필품 가격이 떨어진 것은 유통업계에서 그만큼 이 품목들의 가격 경쟁이 치열하다는 뜻 이라며가격이 오히려 뒷걸음하는 기저귀 분유 세제 등 품목들은 대형할인점 입장에서도 매출 비중이 크고 집객고객을 끌어모음에 매우 중요한 상품들이라 온라인 쇼핑몰을 끊임없이 견제해야하는 만큼 쉽게 가격을 다시 올리기 어려울 것 이라고 전망했다.999......핫클릭태후미술감독이 공개한돌 폐건물 먼지 의 비밀핫클릭제2의 유승준 에 세금폭탄 안기는 방안 검토한다23초뉴스내비 안내 착각승용차가 철로 진입 저작권자무단 전재 재배포 금지,https://news.naver.com/main/read.naver?mode=LSD&mid=sec&sid1=101&oid=001&aid=0008322594,1,0
2016/04/13 00:00:00,경향신문,쿠팡·이마트처럼···11번가도 ‘직매입’ 사업 시작,플래닛이 운영하는 11번가가 상품을 직접 매입 판매하는 직매입 사업을 시작한다. 그간 다수의 판매자와 구매자 거래를 중개해주는 오픈마켓 서비스에 주력해온 11번가가 왜 이런 선택을 한 걸까.11번가는 라면 즉석밥 생수 커피 등 가공식품부터 휴지 세제 등 생활용품과 유아용품 건강식품 애완용품 의류 잡화까지 600여개 상품을 직매입한다고 12일 밝혔다. 전문 상품기획자40여명이 직매입 상품을 선별해 11번가 내 직영몰에서 판매한다. 재고와 사후관리도 11번가가 직접 책임진다.직매입은 그간 대형마트나 쿠팡 티몬 등 소셜커머스가 해온 영업방식으로 품질과 서비스를 직접 관리할 수 있다는 장점이 있다. 특히 유통단계가 줄면서 가격 경쟁력이 높아질 수 있다. 최근 소셜커머스가 급성장하는 데다 대형마트들도 자체 인터넷몰을 공격적으로 운영하는 등 온라인 모바일 경쟁이 치열해지자 11번가가 승부수를 띄운 것으로 풀이된다.이를 위해 11번가는 이달 초 경기 이천에 전용 물류센터를 문 열었다. 지상 4층 총 면적 3만규모의 이 물류센터는 월 40만건의 주문을 처리할 수 있다. 고객이 주문한 상품을 모아 한 번에 배송해주는 합포장 서비스 시스템도 갖춰 하루 1만여건 월 25만건을 처리할 수 있도록 했다.이미 쿠팡은 전국 주요 거점에 14개 물류센터를 운영하고 있으며 이마트도 용인 김포에 온라인 전용 물류센터를 구축했다. 다른 오픈마켓인 지마켓과 옥션을 운영하는 이베이코리아는 2014년 말부터 용인에 있는 자체 창고를 활용해 판매자가 달라도 묶음배송해주는 서비스를 실시하고 있다.플래닛 장진혁부문장은 직매입 사업을 통해 기존 오픈마켓의 틀을 뛰어넘고 물류센터를 기반으로 신개념 배송서비스를 강화할 것이라고 말했다. 11번가는 이마트발최저가 경쟁에도 조만간 뛰어들 계획이다.2 .경향신문 총선특집지금은 2016년 이잖아요경향비즈 소셜네트워크서비스페이스북경향비즈 바로가기인기 무료만화 보기경향신문..,https://news.naver.com/main/read.naver?mode=LSD&mid=sec&sid1=101&oid=032&aid=0002691233,1,0
2016/05/30 00:00:00,연합뉴스,"물류협회 ""로켓배송은 불법""…본안소송 제기",자료사진서울한국통합물류협회가 쿠팡의 로켓배송이화물자동차 운수사업법 을 위반했다며 서울중앙지방법원과 서울중앙지방검찰청에 각각 민 형사 소송을 제기했다고 30일 밝혔다.물류협회는 로켓배송을 하는 쿠팡이 화물자동차 운송사업 허가를 받지 않은 채 영업용 차량이 아닌 자가용 화물자동차로 유상운송을 하고 있어 관련법을 어겼다고 주장하고 있다.화물자동차 운수사업법은 운송사업을다른 사람의 요구에 응해 화물자동차를 사용 화물을 유상으로 운송하는 사업 으로 규정하고 있으며 노란색 영업용 번호판을 발급받은 차량만 유상운송이 가능하다고 규정하고 있다.쿠팡은 실질적으로 제품에 대한 소유권 없이 상품제조업체와 구매자 사이에서 통신판매만 알선하는 업체인데도 고객 요구에 응해 유상으로 이를 배송해주고 있어 화물자동차 운송사업법을 어긴 것이라는 게 물류협회의 입장이다.물류협회는합법적으로 일하는 택배업체들이 쿠팡으로부터 법률상 이익을 침해받고 있다 며소송을 통해 공정한 경쟁질서에 반하는 쿠팡의 로켓배송에 대해 처벌이 이루어질 수 있도록 할 것 이라고 밝혔다.앞서 서울중앙지법은 쿠팡이 구매자로부터 반품비 5천원을 받고 상품을 반품해주는 경우가 있는 것을 고려하면 무상운송을 하고 있다고 보기 어려운 측면이 있다며 이와 관련해 본안소송에서 추가 증거조사와 심리를 거칠 수 있다고 밝혔다...핫클릭늦잠 잔 딸 학교 데려가 무릎 꿇리고 폭행한 아버지핫클릭북한판짝퉁 페이스북등장해킹에는 무방비블랙박스신호위반에 뺑소니까지 무서운경기버스저작권자무단 전재 재배포 금지,https://news.naver.com/main/read.naver?mode=LSD&mid=sec&sid1=101&oid=001&aid=0008438470,1,0
2016/06/21 00:00:00,연합뉴스,"공정위, 소셜커머스 불공정거래 정황 포착…현장 조사",세종공정거래위원회가 소셜커머스 업체의 불공정거래 혐의를 포착하고 첫 현장 조사에 착수했다.21일 관련 업계에 따르면 공정위는 이날 대규모유통법 위반 혐의로 쿠팡 티켓몬스터 본사에 대한 현장 조사를 벌였다.공정위는 이들 업체를 상대로 실태 조사를 벌여 납품대금 지연 지급 납품 계약서 미교부 등 불공정거래 정황을 확보한 것으로 알려졌다.정재찬 공정위원장은 지난달 유통분야 납품업체 대표 간담회에서6월부터 소셜커머스 온라인쇼핑몰에 대한 실태조사에 착수해 법 위반 혐의가 확인될 경우 시정해나가겠다 고 밝힌 바 있다.이에 대해 한 소셜커머스 관계자는과거 납품대급 지연 지급 등으로 많은 지적을 받았기 때문에 우리 업체뿐만 아니라 업계 전체가 지난해 말까지 약관 등을 모두 법에 맞춰 정비한 것으로 안다 며현 시점에서 문제될 사안은 없을 것 이라고 말했다...핫클릭성추문에 불륜설까지각종 추문에 얼룩진 연예계핫클릭경찰 범서방파 조직원과 대치하다 실탄 쏴 검거영상박유천스캔들 진실공방강제로돈 뜯으려저작권자무단 전재 재배포 금지,https://news.naver.com/main/read.naver?mode=LSD&mid=sec&sid1=101&oid=001&aid=0008487999,1,0
2016/08/30 00:00:00,연합뉴스,1.5t 택배차량 증차규제 12년만에 풀린다…수급조절제 폐지,불법 화물차 합법전환 효과증차신청하면 20일내 허가세종정부가 수급을 통제해왔던 1.5이하 소형 영업용 화물차에 대한 규제가 12년 만에 풀린다.복잡한 절차와 업계 간 이해관계 등에 가로막혔던 소형화물차의 자유로운 증차가 가능해져 택배 서비스 수준이 개선될 전망이다.국토교통부는 화물운송업계 차주단체들 간 합의를 거쳐 마련한화물운송시장 발전방안 을 30일 발표했다.이번 대책의 핵심은 1.5이하의 소형화물차를 대상으로 수급조절제를 폐지해 기존 허가제에서 사실상 등록제로 전환하는 것이다.정부는 2004년부터 영업용 화물차 허가제를 시행하며 수급을 조절해왔다.전년도 수급 상황을 분석하고 정부 시 도 사업자단체 등 관계자들이 참여하는 수급조절위원회 협의를 거쳐야 해 통상 허가를 받기까지 1년가량이 걸렸다.또 업계 간 이해관계가 작용하는 탓에 증차 허가가 잘 이뤄지지 않아 수요는 폭증하는 반면 부족한 차량을 적기에 늘리기가 어려운 구조였다.2004년부터 지난해까지 택배물량은 연평균 14.6 가량 늘었으나 정부가 증차를 허가한 것은 2013년 1만1천200대 2014년 1만2천대에 그친다.정부로부터 영업용 화물차로 사용하도록 허가받았다는 표시인 노란색 번호판이 비싼 가격에 거래되고 일반적인 하얀색 번호판을 달고서 불법으로 운행하는 화물차가 전체 택배차량4만5천대의 29 1만3천대를 차지한 것도 이런 이유에서다.이번 제도 개선에 따라 관련 법령이 개정되면 관할 지방자치단체에 증차를 신청하고 20일 이내에 허가받을 수 있어 수요 변화에 빠르게 대처할 수 있을 전망이다.자료사진또 공공연하게 운행하던 불법 택배차량이 합법적인 영업용으로 전환하는 효과가 기대된다.로켓배송 을 둘러싼 쿠팡과 택배회사 간 법적 분쟁은 의미가 없어지게 됐다. 쿠팡 역시 신청만 하면 바로 합법적으로 택배차량을 운행할 수 있기 때문이다.정부는 이와 함께 시장 상황에 맞도록 업종체계를 개편했다.운수업 업종구분은 현행 용달 개별 일반에서 개인 일반으로 바뀐다.개인업종은 1.5기준으로 소형 중대형으로 나뉘며 일반업종은 업체 규모화와 전문화가 이뤄지도록 허가기준의 차량 최소 보유대수 기준을 1대에서 20대로 늘렸다.기존에 1이하로만 영업해야 했던 용달업계는 1.5 까지 규모를 키울 수 있어 사업 여건이 나아지게 됐다. 화물운송시장 발전방안기자 간담회서울최정호 국토교통부 2차관왼쪽 두번째이 30일 정부세종청사에서간담회에서화물운송시장 발전방안 에 관해 발표하고 있다.국토교통부 제공소형화물차에 대한 수급조절제 폐지와 신규허가는 업종에 따라 다르게 적용된다.개인업종의 소형화물차 배번호판는 아무런 조건이 없지만 일반업종의 소형화물차는 직영 차량 20대 이상 양도 금지 톤 급 상향 금지 등의 조건을 충족해야 신규허가를 내준다.이는 무분별한 차량 급증 번호판 거래를 통한 프리미엄 취득 지입 경영 확산과 같은 부작용을 막기 위해서다.정부는 주기적 신고 기간을 종전 5년에서 1년으로 단축하고 4대 보험 고정자산명세서 등을 확인해 직영 여부를 감독한다는 계획이다.이 밖에 정부는 인센티브를 부여하는 등 운송업체의 직영을 유도하고 일방적인 계약 해지를 막아 지입차주의 권리 보호를 강화하기로 했다.아울러 영세 차주들의 수입 하락을 방지하고 운임협상력을 높이도록 정부 연구기관 업계 차주단체 등이 참여하는 위원회를 구성해 정기적으로참고원가 를 선정 발표할 계획이다.업계 간 상생을 위한 25억원 규모의 기금도 조성한다.17개 대기업에서 낸 초기 적립금 10억원에 앞으로 3년 동안 연간 5억원씩 추가 적립하는 방식이며 영세 용달업계를 지원하는데 주로 쓰인다.국토부 관계자는이번 대책을 통해 택배차량 신규 공급에 따른 일자리 창출 혁신기업의 시장진입 물류 스타트업 활성화 등의 효과가 생겨 신성장 동력이 될 것으로 기대한다 고 말했다...,https://news.naver.com/main/read.naver?mode=LSD&mid=sec&sid1=101&oid=001&aid=0008650964,1,0
2016/10/12 00:00:00,연합뉴스,"쿠팡, 무료배송 기준 2배로 올려…소비자 불만 쇄도",로켓배송 설명하는 김범석 쿠팡 대표소비자안내 한 줄도 없어업계적자 누적 때문서울신호경기자전자상거래업체 쿠팡.이로켓배송서비스를 받을 수 있는 주문액 하한선을 돌연 두 배로 높여 소비자들의 불만을 사고 있다.로켓배송은 쿠팡이 자체적으로 운영하는 차량과 인력쿠팡맨을 통해 소비자가 주문한 상품을 24시간내 별도의 비용을 받지 않고 배송하는 서비스를 말한다.쿠팡은 11일 오전 9시 30분부터 별도의 공지 없이 로켓배송 가능 최소 주문액을 기존 9천800원에서 두 배인 1만9천800원으로 올렸다.예를 들어 현재 쿠팡 사이트 내 로켓배송 코너에서 가격이 1만1천700원인깨끗한 나라 퓨어앤데코 더 순수 고급롤 화장지 3겹 27 30롤 을 선택한 소비자의 경우 10일에 주문했다면 9천800원이 넘기 때문에 무료 배송을 받을 수 있었지만 11일 이후에는 8천100원 이상의 로켓배송 품목을 더 구매해야 배송비를 따로 내지 않는다는 얘기다.쿠팡 관계자는로켓배송의 효율성 등을 높이기 위한 인상 이라며기존정기 배송서비스를 이용하던 고객은 계속 주문액이 9천800원만 넘으면 로켓 배송을 받을 수 있다 고 설명했다.하지만 소비자들은 쿠팡이 아무런 사전 공지나 사후 안내 한 줄 없이 로켓배송 최소 주문액을 갑자기 올린 행태에 대해 대체로이해할 수 없다 는 반응이다.12일 오전 9시 40분 현재까지도 쿠팡 사이트에는 로켓 배송 관련 배송 방침 변경에 대한 안내가 전혀 이뤄지지 않고 있다.이에 따라 네이버 등 주요 포털의 블로그나 사회관계망서비스소셜네트워크서비스에는쿠팡 로켓배송 1만9천800원으로 오름쿠팡 로켓배송 이제 안 쓰려고요. 18시간 전 확인해보니 쿠팡 로켓배송 1만9천800원부터 무료로 바뀌었다고 해요등 불만과 비난의 글이 쏟아지고 있다.직장인 김모서울 동작구씨는사전 공지의 경우 주문이 폭주해 로켓배송 서비스 물량을 감당할 수 없을까 봐 생략했다고 하더라도 사후 안내조차 없는 것은 무슨 이유인지 모르겠다 고 말했다.전자상거래업계에서는 당장 이번 쿠팡의 로켓배송 기준 상향이 자체 배송 서비스에 따른 누적 적자를 해소하기 위한 고육책이 아니겠냐는 해석이 나오고 있다.쿠팡의 지난해 영업손실은 무려 5천470억원인데 쿠팡 스스로도 물류센터와 로켓배송직접배송 등 배송부문에 대한 선제적 투자 비용이 적자의 약 89 를 차지한다고 밝힌 바 있다.업계 관계자는로켓배송 서비스 한 건당 수 천원씩 손해를 본다는 얘기가 업계에서는 정설처럼 떠돌았다 며더 이상 손실을 감당할 수 없기 때문에 무료배송 기준을 현실화한 것으로 보인다 고 분석했다.999..,https://news.naver.com/main/read.naver?mode=LSD&mid=sec&sid1=101&oid=001&aid=0008746771,1,0
2017/02/02 00:00:00,경향신문,"쿠팡, 소셜커머스 꼬리표 뗐다…모바일 쇼핑으로 완전 전환",쿠팡은 음식점 및 지역별 할인 쿠폰 등 로컬 상품의 신규 판매를 중단한다고 2일 밝혔다. 이로써 쿠팡의 마지막 남은 소셜커머스 서비스도 완전히 사라지게 됐다.쿠팡은 2010년 지역상품 공동구매 형태의 소셜커머스로 사업을 시작했지만 2014년부터 본격적으로 로켓배송과 함께 이커머스 기업으로 전환하고 있다.이후 쿠팡은 주말 포함 익일 배송하는 로켓배송과 가장 좋은 조건의 판매자를 보여주는 자동 비교 시스템 최대 10추가 할인되는 정기배송 단점도 볼 수 있는 솔직한 리뷰상품평 시스템 원터치로 끝나는 로켓페이 간편결제 등을 도입하며 승승장구해왔다.지난 4년 동안 로켓배송을 포함한 이커머스 사업은 2400이상 성장했으며 약 1500개에 불과했던 상품 판매 가짓수는 현재 약 3000만개로 늘었다. 판매량도 빠르게 늘어나 2016년 전체 출고 상품 수는 4억5000만개를 넘어섰다.쿠팡은 더 나은 고객 경험을 위한 기술 투자를 이어갈 계획이다. 나비드 베이세 쿠팡 이커머스 시니어 바이스프레지던트는 이커머스 전환이 완료되어 기쁘다면서 앞으로 고객들의 반응이 뜨거운 쿠팡직구와 여행 서비스 로켓페이 등에서도 기술을 이용해 더 많은 혁신적인 서비스를 제공하겠다고 밝혔다.한편 로컬 사업 종료 이후에도 계약 기간과 사용 기간이 남아있는 상품은 각각 만기까지 판매와 사용을 보장한다. 로컬 사업을 담당하던 소속 직원들은 다른 업무로 전환 배치된다..경향비즈 바로가기경향비즈 소셜네트워크서비스페이스북인기 무료만화 보기경향신문..,https://news.naver.com/main/read.naver?mode=LSD&mid=sec&sid1=101&oid=032&aid=0002761614,1,0
2017/08/17 00:00:00,연합뉴스,"이정미 ""쿠팡, 배달원 '임금꺾기' 의혹""",비용절감 위해 1시간까지 근무시간 인정 안 해 서울국회 환경노동위원회 소속 정의당 이정미 의원은 17일 전자상거래업체쿠팡 에서 배달 업무를 하는쿠팡맨 들이 근무시간을 앞뒤로 잘라 임금을 덜 지급하는 이른바임금꺾기 를 당하고 있다고 주장했다.이 의원은 이날 보도자료를 통해 쿠팡의 근태관리 프로그램쿠펀치 에 나온 쿠팡맨들의 출퇴근 기록을 근거로 근로시간이 조작된 내용이 발견됐다며 이같이 말했다.이 의원은쿠팡맨들은 마지막 배송을 마친 뒤 각 지점에 복귀해 반품 미회수 처리 등 업무와 청소 세차를 마친 후 퇴근한다 면서지점에 복귀한 후 업무 마무리 시간은 적어도 30분 이상 소요된다 고 지적했다.그는 하지만각 캠프는 연장근로수당 등 비용절감을 위해 업무가 이뤄지는 경우에도 근무시간을 인정하지 않고 15분 30분 심지어 1시간의 시간 꺾기를 행하고 있다 고 비판했다.이 의원은 또 쿠팡 측이 연장근로수당에 대한 고정급여 액수가 명시된 포괄임금제 근로계약을 맺어오다가 올해부터는 실제 근로시간과의 차이만큼 공제한다는 내용을 추가했는데 이는 공제가 타당하지 않다고 본 고용노동부의 방침이나 법원 판례와 배치된다고 강조했다.이 의원은노동부는 시간꺾기 규모와 연장근로수당 지급에 꼼수가 있는지 철저히 조사해야 한다 면서사업장에서 포괄임금제 근로계약을 통해 노동 기본권이 제한되지 않도록 제도개선을 강구할 것 이라고 밝혔다. 이정미 의원..최신 유행 트렌드 총집결클릭,https://news.naver.com/main/read.naver?mode=LSD&mid=sec&sid1=100&oid=001&aid=0009481294,1,0
2017/09/20 00:00:00,경향신문,"중앙노동위, ""산재휴직 중인 쿠팡맨 계약만료는 '부당해고'""",택배노동자들이 7월23일 청와대 앞에서 노동 3권 보장 노동조합 설립필증 쟁취 등을 요구하며 결의대회를 열고 있다. 이날 대회에는 택배연대노조 소속대한통운 롯데 한진 로젠로지스 등의 택배노동자와 전국우체국위탁택배조합 조합원들이 참가했다..배송 중 부상을 당해 산재휴직을 썼다는 이유로 계약만료를 통보한 것은 부당하다며 쿠팡 배송직원 이모씨가 낸 소송에서 중앙노동위원회중노위가 이씨 손을 들어줬다. 전국택배연대노조는 계약해지된 쿠팡맨 이모씨가 청구한 부당 계약해지 구제신청을 중노위가 19일 인용했다고 20일 밝혔다.이씨는 지난해 9월 초 택배 화물을 내리려다 탑차에서 미끄러져 떨어지면서 다리를 다쳤다. 근로복지공단은 이씨의 부상을 업무상 재해로 판단했고 이씨는 세 차례 연장신청을 승인받아 휴직을 하고 올해 5월까지 요양했다. 쿠팡 측은 이씨가 요양 중이던 지난 3월31일 계약 만료를 통보했다. 이씨가 문제를 제기하자 본사 인사 담당자는 산재로 인한 장기 휴직이 문제라며 정해진 배송일수를 채우지 못해 계약 연장이 안 된 것이라고 설명했다.이씨는 2015년 9월21일 계약직으로 입사해 6개월 단위로 계약을 연장하며 일해왔다. 이씨는 동료들의 근로계약 연장률도 90 가 넘어 근로계약 갱신기대권이 있음이 명백하고 회사의 무리한 지침에 따라 업무를 하다 재해를 당해 장기 휴직을 했는데 이를 이유로 계약 갱신을 안 한 것은 부당하다며 구제신청을 했다.초심에서 부산지방노동위원회는 근로계약서에 근로계약기간이 종료되면 고용관계는 당연히 종료된다고 명시된 점 등을 들어 이씨가 갱신기대권을 갖지 않는다고 판정해 신청을 기각했다. 갱신기대권은 일정 기간만 일하기로 한 노동자라도 정당하고 합리적인 계약 거부 사유가 없는 한 재계약을 기대할 수 있는 권리인데 계약직 쿠팡맨에겐 이 권리가 없다고 본 것이다. 중노위는 이를 뒤집고 이씨의 계약해지가 부당하다는 판정을 내놓았다.전국택배연대노조는 이날 성명을 내고 배터리가 방전되면 버리듯이 쿠팡맨을 계약해지하는 쿠팡의 행태에 경종을 울리는 중노위 판결을 적극 환영한다고 밝혔다. 택배노조는 쿠팡은 이씨가 탑차 화물칸에 신발을 벗고 올라타라는 내규를 지키다가 발이 미끄러져 사고를 당했는데도 불구하고 이에 대해 사과하고 보상하기는 커녕 도리어 이씨를 해고했다며 이씨에 대한 계약 해지를 철회하고 원직 복직시킬 것을 촉구했다.택배노조는 또 올해 2월부터 4월까지 전체 쿠팡맨의 10 에 육박하는 218명의 쿠팡맨이 계약해지 당했다면서 쿠팡은 6개월단위로 계약을 연장하는 비정규직의 처지를 악용하고 있다고 주장했다..경향신문 소셜네트워크서비스트위터페이스북인기 무료만화 보기경향신문..,https://news.naver.com/main/read.naver?mode=LSD&mid=sec&sid1=102&oid=032&aid=0002819959,1,0
2017/12/12 00:00:00,연합뉴스,"쿠팡 이어 티몬도…소셜커머스, 잇단 오픈마켓 업종전환 이유는",대형유통업 규제서 오픈마켓은 빠져법 보완해 규제 사각지대 없애야 서울2010년 탄생해 모바일 기반 전자상거래의 새로운 가능성을 연 주요 소셜커머스통신판매사업자 기업들이 최근 속속 오픈마켓통신판매중개사업자으로 업종을 전환하면서 그 배경에 관심이 쏠린다. 오픈마켓 전환 서두르는 소셜커머스 업체들12일 업계에 따르면 올해 초 쿠팡이 소셜커머스 기업 중 가장 먼저 오픈마켓으로 업종을 전환한 데 이어 티몬도 지난 9월 자체 이용약관을 개정하면서 오픈마켓 진출을 예고했다.티몬은 새 사업모델 적용에 필요한 시스템 개발 등의 준비를 대부분 마쳤으며 이르면 연내 오픈마켓을 선보일 예정이다.쿠팡 티몬과 달리 오픈마켓 전환에 소극적이었던 위메프도 오는 14일 판매자가 상품을 중개하는 방식의셀러마켓 을 오픈할 것으로 알려졌다.자체 상품기획자가 직접 선별한 상품을 소비자들에게 판매하는 소셜커머스와 달리 오픈마켓은 중개사업자가 판매자와 소비자를 연결해주는 역할만 한다.이베이 계열의마켓 옥션과계열의 11번가 등이 대표적이다.업계에서는 주요 소셜커머스 업체들이 잇따라 오픈마켓으로의 전환을 선언하거나 부분적으로 오픈마켓 형태의 판매방식을 도입하는 것은 점점 거세지는 유통업 규제 움직임과 밀접한 연관이 있는 것으로 보고 있다.김상조 위원장이 취임한 뒤 소상공인 보호 정책을 강력히 추진 중인 공정거래위원회는 이달 중 주요 대형 유통업체들의 판매수수료율을 일반에 공개할 예정이다.유통업체에 납품하는 소상공인들에게 수수료 정보를 제공해 정보 비대칭을 막고 궁극적으로 수수료 부담도 덜어주겠다는 취지에서다.공정위는 판매수수료율을 공개하는 업종의 범위를 기존 백화점홈쇼핑뿐 아니라 온라인쇼핑몰과 대형마트로까지 확대할 것으로 알려졌다.하지만마켓과 옥션이베이 11번가플래닛 쿠팡 등 거래액 규모 전자상거래 1 3위 기업들은 여기에 포함되지 않을 것으로 알려지면서 논란이 일고 있다.이들은 전자상거래법상 통신판매중개사업자여서 유통사업자와 납품기업 간 불공정 거래를 방지하기 위한 대규모유통업법 규제 대상이 아니기 때문이다.중개사업자는 판매사업자와 달리 단순히 판매를 중개하기 때문에 판매 과정에서의 책임과 규제에서 자유롭다는 것이 그 배경이다.이뿐만 아니라 현행법상 중개사업자는 전자상거래법 전기용품및생활용품안전관리법전안법 식품통신판매업법식통법 등 소비자와 소상공인을 보호하는 규제의 대부분을 피해갈 수 있도록 돼 있다.실제로 최근 중개사업자 지위를 얻은 쿠팡은 약관을 변경하면서회사는 통신판매중개자로서 구매자와 판매자 간 자유로운 상품의 거래를 위한 시스템을 운영 및 관리 제공할 뿐이므로 구매자 또는 판매자를 대리하지 않으며 회원 사이에 성립된 거래와 관련된 책임과 회원이 제공한 정보에 대한 책임은 해당 회원이 직접 부담하여야 합니다 고 명시한 바 있다.자사가 판매에 대한 책임을 지지 않는다는 점을 명확히 한 것이다.하지만 소비자 입장에서는 소셜커머스와 오픈마켓이 판매하는 상품이 대부분 중복될 뿐 아니라 결재방식도 같아 차이점이 사실상 없다는 데 문제가 있다.쿠팡이나 위메프 등의 사례에서 볼 수 있듯 소셜커머스였다가 오픈마켓으로 업종을 전환하거나 두 형태의 사업을 동시에 운영하는 경우도 있어 차이를 뚜렷이 구분하기 어려운 경우도 발생한다.이 때문에 일각에서는 전자상거래 사업자를 통신판매사업자와 통신판매중개사업자로 구분할 것이 아니라 두 사업자 모두 전자상거래 사업자로 묶어 규제의 사각지대를 없애야 한다는 지적도 나온다.업계 관계자는소비자 입장에서는 사실상 두 사업 형태 간 차이점이 없는데 하나는 판매사업자이고 다른 하나는 중개사업자여서 규제에 사각지대가 발생한다면 문제 라며시대 변화에 맞게 낡은 법 규정도 정비할 필요가 있다 고 말했다.김상조 공정거래위원회자료사진..기사제보 및 문의클릭최신 유행 트렌드 총집결클릭,https://news.naver.com/main/read.naver?mode=LSD&mid=sec&sid1=101&oid=001&aid=0009743853,1,0
2018/01/18 00:00:00,연합뉴스,"쿠팡, 국내 최초 초간편 '원터치 결제' 선보여",서울전자상거래 기업 쿠팡은 국내 최초로 터치 한 번으로 결제를 끝내는원터치 결제서비스를 자체 개발해 선보인다고 18일 밝혔다.그동안 국내 전자상거래 결제는 늘 주문하는 제품을 반복 주문해도 그때마다 카드번호와 비밀번호 지문인식 등의 인증과정을 거쳐야 했으나 쿠팡이 새로 개발한 원터치 결제는 이런 과정을 단순화했다.모바일로 상품을 고른 후결제하기버튼 한 번만 누르면 결제가 완료되는 시스템이다.원터치 결제는 편리함은 키우면서 보안은 한층 강화했다.쿠팡이 자체 개발한 부정거래탐지시스템을 통해 고객의 구매 패턴을 파악 이상 신호가 감지되면 비밀번호 입력을 추가로 요구해 안전한 결제를 돕는다.원터치 또는 원클릭 결제는 아마존이나 애플 등 실리콘밸리 기업들이 보편적으로 사용하는 결제 방식이지만 그동안 국내에서는 사례를 찾아보기 어려웠다고 쿠팡은 설명했다.정보람 쿠팡 핀테크 비즈니스 시스템 시니어 디렉터는안전하고 간편하게 사용할 수 있는 원터치 결제는 고객들에게 온라인 쇼핑 모바일 결제 부문의 새로운 기준을 제시할 것 이라고 말했다.쿠팡 김범석 대표자료사진..기사제보 및 문의 기자와 11 채팅평창동계올림픽 영상 공모전,https://news.naver.com/main/read.naver?mode=LSD&mid=sec&sid1=101&oid=001&aid=0009820740,1,0
2018/05/24 00:00:00,연합뉴스,쿠팡 로켓배송 '하루 140만개'…1분기 매출 80％↑,쿠팡의 로켓배송 차량자료사진서울이커머스 기업 쿠팡이 5월 첫주 로켓배송 상품 수가 하루 평균 140만 개로 역대 최고를 기록했다고 24일 밝혔다.로켓배송은 소비자가 당일 자정까지 주문하면 쿠팡맨배송 전담 직원이 다음날 배송해주는 서비스다.쿠팡에서는 가정의 달인 5월을 맞아 컴퓨터 디지털기기 주방용품 일상용품 반려동물 용품 등의 판매가 급증했다.어린이날 선물로는 닌텐도 스위치 휴대용 게임기가 어버이날 선물로는 홍삼 제품 공기청정기 등이 인기 있었다.쿠팡 관계자는다양한 상품을 99.7확률로 정확하게 다음날 배송하는 로켓배송 덕분에 이용자가 늘어난 것 같다 고 말했다.쿠팡의 올해 1분기 매출은 지난해 동기 대비 80증가했다.지난해 4분기 매출 신장률전년 동기 대비 60 과 비교해 성장이 점점 빨라지고 있다고 쿠팡은 자체 분석했다...기사제보 및 문의 내 생활에 흥이나는 최신 트렌드사진구매 문의,https://news.naver.com/main/read.naver?mode=LSD&mid=sec&sid1=101&oid=001&aid=0010103674,1,0
2018/05/24 00:00:00,연합뉴스,위메프·쿠팡·티몬 '갑질' 첫 적발…과징금 1억3천만원,납품업체에 판매대금 늦게 주고 판촉비용 떠넘겨세종위메프 쿠팡 티몬 등 국내 유명 소셜커머스 업체가 납품업체에갑질 을 했다가 처음으로 적발됐다.위메프 로고 위메프 블로그 캡처 공정거래위원회는 대규모유통업법 위반 혐의로 위메프 쿠팡 티몬에 시정명령과 함께 과징금 총 1억3천만원을 부과하기로 했다고 24일 밝혔다.업체별 과징금은 위메프 9천300만원 쿠팡 2천100만원 티몬 1천600만원이다.공정위 조사 결과 위메프는 2014년 11월 2016년 6월 178개 납품업자와 직매입 거래계약을 체결하면서 164건에 대해 상품 발주 후 계약서면을 줬고 23건은 아예 주지 않았다.대규모유통업자는 계약 체결 즉시 거래행태 품목 기간 등 법정 기재사항이 명시된 서면을 납품업자에 줘야 하지만 이를 지키지 않았다.아울러 2015년 1 6월 1만3천254개 납품업자에게 줘야 하는 상품판매대금을 법정 지급기한이 지난 뒤 줬고 지연이자 38억3천300만원도 주지 않았다.위메프는 또 작년 1 3월초특가 할인행사 를 하면서 66개 납품업자에게 할인비용 7천800만원을 떠넘겼다. 2016년 5 6월에 한할인쿠폰 제공 행사 에서도 2개 납품업자에게 쿠폰비용 100만원을 부담시키면서 사전에 서면약정을 하지 않았다.위메프는 여기에 자신을 통해 판매하는 상품을 3개월 동안 같은 업계에서 판매하지 못하도록 했고 이를 위반하면 위약금 100만원을 부과하도록 했다.쿠팡 촬영 이충원 쿠팡도 2014년 1월 2016년 4월 6개 납품업자와 직매입 거래 6건을 하면서 계약서면을 주지 않았다.아울러 직매입한 42개 품목 499개 상품매입가격 약 2천만원을 정당한 사유 없이 반품했다가 적발됐다.티몬 역시 2014년 3 10월 7개 납품업자와 직매입 거래 8건을 하면서 그 이후에 계약서면을 줬다.또 2013년 10월 2016년 11월 1천902개 납품업자에게 줘야 하는 상품판매대금을 법정 지급기한이 지난 뒤 줬고 그 지연이자 850만원도 주지 않았다. 티몬 제공 또 2016년 2 8월 482개 납품업자와 체결한 위수탁거래 2천6건 계약 기간에 정당한 사유 없이 판매 수수료율을 최소 0.3 12 포인트인상했다.공정위는 위메프와 티몬이 조사 과정에서 지연이자를 모두 지급했다는 점 경영상태가 악화했다는 점 등을 고려해 과징금 부과액수를 결정했다고 설명했다.이들 세 회사는 완전자본잠식 상태로 직전 5개년 간 당기순손실을 기록했다.문재호 공정위 유통거래과장은소셜커머스 업체의 납품업체에 대한 갑질 행위를 대규모유통업법 위반으로 제재한 최초 사례 라며온라인 유통분야에서 거래관행을 개선해 납품업체 권익보호에 기여할 것 이라고 기대했다.22..기사제보 및 문의 내 생활에 흥이나는 최신 트렌드사진구매 문의,https://news.naver.com/main/read.naver?mode=LSD&mid=sec&sid1=100&oid=001&aid=0010104599,1,0
2018/08/08 00:00:00,연합뉴스,로켓배송 배송 지연에 쿠팡맨 근무 여건 논란,서울전자상거래 기업 쿠팡이 사업 규모를 키워나가는 동안 핵심 서비스인 로켓배송 물류 증가량을 쿠팡의 자체 인력으로 감당하기 어려운 상황이 발생하면서 배송 지연이 잇따르고 있다. 더불어 쿠팡맨 내부에서도 2교대 근무방식 도입 등 근무 환경에 대한 불만이 고조되고 있다. 사진은 8일 오후 서울 시내에서 로켓배송 중인 쿠팡맨 모습. 2018.8.8..놓치면 아쉬운핫뉴스퀴즈풀고 상품받고뉴스퀴즈쇼뉴나네이버 홈에서채널 구독하기,https://news.naver.com/main/read.naver?mode=LSD&mid=sec&sid1=101&oid=001&aid=0010258550,1,0
2019/03/15 00:00:00,연합뉴스,"쿠팡, 美 월마트 출신 법률전문가 제이 조르겐센 CCO 영입",서울쿠팡은 미국 월마트 출신의 법률전문가 제이 조르겐센을 최고법률책임자 겸 최고윤리경영책임자로 영입했다고 15일 밝혔다.조르겐센은 2012년부터 7년간 미국 월마트에서 부사장 겸 최고윤리경영책임자로 활동했다. 이 기간 월마트의 윤리 준법 프로그램을 세계 최고 수준으로 끌어올리는데 기여했다는 평가를 받고 있다.조르겐센은 앞으로 쿠팡에서 세계적 수준의 윤리경영 체계를 구축하고 준법 경영을 강화하기 위한 전략 수립에 집중할 것이라고 회사는 설명했다. 제이 조르겐센 쿠팡 제공..네이버 홈에서채널 구독하기 뭐 하고 놀까흥쇼미더뉴스오늘 많이 본 뉴스영상,https://news.naver.com/main/read.naver?mode=LSD&mid=sec&sid1=101&oid=001&aid=0010696569,1,0
2019/04/29 00:00:00,경향신문,‘하루 배송’이 대세가 된 세계…‘하루살이’ 내몰린 배달원,아마존이 기름 부은 글로벌 당일배송 전쟁로켓배송 당일배송 자정 전 주문하면 새벽배송. 유통과 소비의 흐름이 빨라지고 삶의 속도도 빨라진다. 물류에 휩싸인 사람들의 노동은 힘들어진다. 전 세계가 당일배송의 영향권 아래에 드는 날도 곧 올까. 아마존이 글로벌 당일배송에 시동을 걸었다. 세계 최대 전자상거래업체인 미국 아마존은 지난 26일현지시간 24시간 내 배송 서비스를 늘리기 위해 올 2분기에만 8억달러약 9300억원를 투입하겠다는 계획을 밝혔다. 그동안 프라임 고객들에게 주문 뒤 48시간 내 무료배송을 해왔는데 배송시간을 절반인 24시간으로 줄이겠다고 했다. 당장은 프라임 회원에 한해 서비스하겠다고 했지만 프라임 회원 숫자만 이미 1억명이다. 아마존은 지난달 35달러 이상 구매 고객으로 프라임 회원 가입의 문턱을 낮췄다.더 빠르게 우리의 목표아마존 최고재무책임자브라이언 올사브스키는 2분기에 배송시간을 줄이기 위한 투자는 주로 북미 지역에서 이뤄지겠지만 글로벌 시장에서도 속도를 빠르게 하는 것이 우리의 목표라고 말했다. 아마존은 올해 1분기 순익이 35억6000만달러를 기록해 지난해 같은 기간의 두 배로 늘어났다고 발표하면서 24시간 무료배송 계획을 함께 공개했다. 그날 아마존 주가는 올라갔고 월마트나 타깃 등 미국 시장에서 경쟁을 벌여온 다른 유통업체들 주가는 떨어졌다. 아마존은 이미 세계 50여개 도시에서 24시간 내 배송 혹은 당일배송을 하고 있다. 미국 시장에선 프라임나우라는 이름으로 2시간 내 배송 서비스까지 한다.올 초만 해도 아마존의 실적이 별 볼 일 없을 것이라는 관측이 많았다. 회사 측에서 영업비용이 크게 늘어난 것 같다는 추산치를 내놓았기 때문이다. 인도 정부가 외국기업 투자 규제를 강화하면서 아마존이 인도 시장에서 타격을 입었다는 얘기도 나왔다. 하지만 예상과 달리 1분기 순익은 지난해 같은 기간의 16억달러에서 2배로 뛰었다. 올사브스키는 우리가 인건비 부담 등을 과대평가했던 것 같다고 했다. 아마존에 따르면 배송에 들어간 비용은 올 1분기에 전체 비용의 21 였다. 2017년과 2018년만 해도 30 가 넘었는데 배송비용 비중은 오히려 줄어든 것이다. 아마존은 줄어든 부담만큼 배송서비스에 투자할 계획이다. 파이낸셜타임스는 경쟁 업체들에도 배송시간을 줄이라는 압박이 심해질 것이라고 보도했다. 국가 간 주문에서도 배송시간은 점점 빨라질 수밖에 없다.2010년대 들어 소매업체들 경쟁은상품경쟁이 아닌 배송 전쟁으로북미 당일배송 시장 급속히 커져배달된 물건 절반 이상 당일 배달1998년 미국의 코즈모닷컴이라는 업체가 몇몇 도시 지역에서 1시간 내 배송이라는 택배서비스를 선보였지만 실패로 돌아갔고 3년 만에 사업을 접었다. 그러나 2010년대부터 소매업체들의 경쟁은 상품 경쟁이 아닌 배송 전쟁이 됐다. 아마존을 필두로 미국의 메트로포스트 서비스 구글 익스프레스 아마존 프라임 같은 배송서비스들이 자리를 잡았다. 글로벌 기업들이 우버나 지역 소매업체 스타트업들과 손잡으면서 상품이 배달되는 속도는 급속히 빨라졌다. 샌프란시스코에서는 도어맨 같은 스타트업이 시카고에서는 위딜리버라는 회사가 앱으로 주문받은 물건을 1 2시간 안에 고객의 집 앞에 가져다놓는다.속도전 불붙은 아시아리서치인사이츠라는 컨설팅업체의 보고서에 따르면 북미 지역에서 2억명 이상이 지난해 온라인쇼핑으로 물건을 배달받았다. 이 지역 온라인상거래 규모는 3500억달러였는데 특히 당일배송 시장은 전년 대비 30 가 넘는 성장률을 기록했다. 아마존은 미국 시장에서 배달하는 물건의 20 25정도를 당일배송으로 처리한다. 애드로이트마켓리서치의 2018년 9월 보고서에 따르면 전 세계 온라인상거래 시장은 2조달러 규모였으며 당일배송 시장은 인터넷 스마트폰 사용자가 늘면서 급속히 커지고 있다. 보고서는 2017년 소비자들에게 간 물건의 51 가 당일 배달된 것으로 추산했다. 세계 배송 시장은1익스프레스그룹같은 회사들이 주도하고 있으나 아마존 알리바바 이베이 라쿠텐 잘란도 그루폰 등 소매업체들도 나서서 배송 속도 경쟁에 불을 붙이고 있다. 아시아의 속도전이 특히 눈에 띈다. 보고서는 세계 당일배송 소매 거래의 36 가 한국과 중국 일본 등 아시아 태평양 지역에서 이뤄진 것으로 분석했다. 쿠팡 마켓컬리 같은 배송업체들이 생긴 뒤 국내에선 새벽배송이 장보기를 대체하고 있다. 2015년 100억원대였던 한국의 새벽배송 시장 규모가 2018년 4000억원대로 커졌다는 닐슨코리아 분석도 있다.아마존 24시간 내 배송 서비스에올 2분기에만 8억달러 투입 계획경쟁업체들은 배송시간 압박 심화국가 간 주문에도 속도전 불붙어아마존은 배송시간을 줄이기 위해 이미 택배코드 개편 등 밑작업에 들어간 것으로 알려졌다. 미국의 시장분석가 안드리아 쳉은 경제전문지 포브스에 실은 글에서 아마존이 원데이 시핑당일 선적을 새로운 업계 기준으로 만들려 하고 있다고 썼다. 속도를 내세운 아마존의 전략을 회의적으로 보는 시선도 없지는 않다. 월마트를 비롯한 오프라인 공룡들이 아마존을 따라잡으려 분투하고 있지만 수익성 낮은 소매시장에서 성장이 언제까지나 계속되기는 힘들다는 것이다. 어차피 아마존의 주력 사업분야는 데이터 판매와 광고 부문 등이고 배송 속도를 높이는 것은 일단 시장점유율을 높여놓기 위한 것이라는 분석도 있다.노동조건이 나빠지는 걸 걱정하는 목소리도 있다. 아마존의 이번 배송시간 단축 발표가 나온 뒤 정보기술전문매체 기즈모도는 아마존의 계획은 노동자들에겐 지옥이라는 기사를 실었다. 아마존과 계약한 배달업체 직원들은 이미 이전부터 추가수당 없이 연장근무를 하고 있고 법적인 보호도 받지 못하고 있는데 아마존이 속도 드라이브를 걸면 그 부담을 결국 이들이 덮어쓰게 되리라는 것이다.무인배송 택배의 미래 노동자일 때와 소비자일 때 사람들의 관점은 180도로 바뀐다. 컨설팅회사 매킨지가 2016년 미국 중국 독일의 소비자들을 상대로 설문조사해 분석한 택배 최종 배송지의 미래라는 보고서가 있다. 조사 결과 배송의 관건은 역시나 속도였다. 특히 중국의 소비자들 중 30이상이 배달 속도를 우선순위에 놓았다. 그런데 응답자의 국적에 상관없이 속도에 추가비용을 내겠다는 비중은 적었다. 더 빨리 물건을 받고 싶지만 돈을 더 내지는 않겠다는 것이다. 미국 응답자들의 절반가량이 추가요금을 낼 수 있다고 했지만 이들이 더 낼 의향이 있다고 말한 비용은 1달러가 못 됐다. 더 빨리 배달해야만 하는 업체들로서는 다른 부분에서의 착취를 피할 수 없는 구조다. 혼잡한 도심에서 내 집 문 앞까지 저렴하게 혹은 공짜로 물건을 가져다주기를 기다리는 사람들이 많지만 그 비용을 낮추는 데에는 한계가 있다. 보고서는 결국 자동화된 운송수단을 이용한 배달이 늘어날 것으로 봤다. 자율주행차를 이용해 운전 인력을 줄이는 중간 단계를 거친 뒤에 사람 없는 택배가 현실화될 수 있다. 사물함이 달린 자율주행차를 이용해 물건을 가져다놓는로커 모델이나 드론 택배가 앞으로 늘어날 가능성이 높다는 것이다. 매킨지는 드론 택배가 2025년 미국에서만 25만건에 이를 것으로 예상했다. 아마존과 계약한 배달업체 직원들속도 드라이브의 부담 덮어쓸 우려노동 조건 이슈를 비켜가기 위해자율주행차 드론 택배 나올 수도자율주행차나 드론 택배는 심야와 휴일 배달도 가능하기 때문에 노동조건 이슈를 비켜갈 수 있다는 점도 강점으로 들었다. 택배 노동자들을 쥐어짜는 새벽배송이 이미 자리 잡은 한국과는 상관없는 소리처럼 들리기도 한다. 하지만 드론 배달은 화물 크기가 제한돼 있고 무엇보다 드론에 대한 각국 정부의 규제와 직접 관련돼 있으니 시장이 얼마나 커질지 지켜봐야 한다고 했다.크라우드소싱 배달이라는 아이디어도 눈길을 끈다. 누군가가 물건을 가져다주길 원하면 그 순간 그곳에 다녀갈 수 있는 사람이 앱을 통해 요청을 받고 택배원이 돼주는 일종의 공유배달이다. 자율주행 기술이 발전하면 드로이드라 불리는 소형 무인카트들이 집집마다 다니며 배송을 해줄지도 모른다. 세상이 너무 빨리 바뀌는 것은 사람들이 빨리빨리를 원하기 때문이다. 그럴수록 사람의 속도는 뒤처지고 사람의 자리가 줄어드는 것은 기술 발전과 욕망의 역설이다.구정은 선임기자21 .네이버 메인에서 경향신문 받아보기두고 두고 읽는 뉴스,https://news.naver.com/main/read.naver?mode=LSD&mid=sec&sid1=104&oid=032&aid=0002937477,1,0
2019/06/25 00:00:00,동아일보,"새벽배송 춘추전국시대…마켓컬리, 쿠팡 이어 이마트까지 가세",이마트 김포 온라인 전용 물류센터신세계그룹이 새벽 배송 시장에 본격 뛰어든다. 2015년 마켓컬리 등장 이후 2018년 10월 쿠팡이 가세하면서 성장하기 시작한 새벽 배송 시장에 신세계까지 진출하면서 경쟁은 더욱 치열해질 것으로 보인다.최우정닷컴 대표이사는 25일 경기 김포시 고촌읍에 위치한닷컴의 온라인 전용 물류센터 네오.002간담회를 갖고 26일부터 선보이는 새벽 배송 서비스를 소개했다.닷컴은 신세계그룹의 통합 온라인몰로 이마트 상품뿐 아니라 신세계백화점 신세계몰 등의 상품도 구입할 수 있다. 최 대표는 우선 서울 10개구에서 새벽 배송 서비스를 시작해 연말 수도권 주요 지역으로 확대할 계획이라며 내년 말에는 하루 2만 건의 새벽 배송 주문을 처리할 수 있을 것으로 예상한다고 말했다.이날닷컴이 공개한 물류센터를 살펴보니 주문 확인부터 배송 준비까지 전 과정의 80 가 자동화 공정으로 진행됐다. 분당 200 의 속도로 이동하는 장바구니가 각종 신선식품 등을 작업자에게 전달하며 2초당 한 건의 주문을 처리했다. 네오 002를 통해 하루 3만1000여 건의 배송이 가능하다. 올 12월 김포에서 네오 003이 추가 완공되면 수도권 일대에서만 하루 8만 건가량의 주문을 처리할 수 있게 된다. 최 대표는 수도권에만 네오 센터를 6개까지 설치할 계획이라며 5년 내 전국 10 11곳에 네오 센터를 설치해 하루 26만 건의 배송을 완료하는 게 목표라고 말했다.새벽 배송 후발 주자인 신세계는 서비스 차별화를 꾀했다.닷컴에서 전날 밤 12시까지 주문하면 다음 날 오전 6시경 상품을 받을 수 있다. 새벽 배송 선두주자인 마켓컬리전날 오후 11시까지 주문 시 다음 날 오전 7시까지 배송나 쿠팡전날 밤 12시까지 주문 시 다음 날 오전 7시까지 배송보다 좀 더 빠르게 소비자에게 물건을 전달해 아침에 해당 제품으로 식사를 할 수 있도록 하겠다는 것이다. 배송 가능 상품도 신선식품 유기농 식재료 베이커리 밀키트 등 식품류는 물론이고 육아용품 반려동물 사료까지 1만여 개를 준비했다. 최대 9시간 온도가 유지되는 재활용 보냉가방 알비백을 제작해 일회용품 사용량도 줄인다.김예철닷컴 영업본부장은 피코크 노브랜드 등 이마트 상품뿐만 아니라 프리미엄 밀키트 프레시지 신세계백화점 베이커리 더메나쥬리 등 다양한 상품을 새벽 배송 가능 상품에 넣었다면서 수십 명의 온라인 상품 기획 팀이 신세계그룹 외부의 상품도 발굴 중이라고 설명했다.신세계의 새벽 배송 가세로 시장 선점을 위한 업체 간 경쟁은 격화될 것으로 보인다. 마켓컬리 쿠팡 외에 현재 현대백화점 롯데슈퍼리테일 동원가 새벽 배송 서비스를 운영 중이다.올 하반기엔 홈쇼핑 업계도 새벽 배송 경쟁에 가담한다. 롯데홈쇼핑은 7월 온라인몰 내 새벽 배송 전문관을 오픈하고 가정 간편식 신선식품 등 500여 개 품목을 서울 일부 지역에 배송할 계획이다.오쇼핑부문의 온라인몰도 제일제당의 밀키트 상품을 8월부터 서비스할 예정이다. 업계에 따르면 새벽 배송 시장 규모는 2015년 100억 원에서 지난해 4000억 원으로 확대됐다. 올해는 8000억 원 이상일 것으로 예상된다..동아일보 단독 뉴스트렌드 뉴스네이버 홈에서채널 구독하기 동아일보.,https://news.naver.com/main/read.naver?mode=LSD&mid=sec&sid1=101&oid=020&aid=0003225341,1,0
2019/06/26 00:00:00,동아일보,"“쿠팡, 짝퉁 명품시계 550여개 버젓이 판매”",시계조합 법 맹점에 제재 못해쿠팡 위조 확인땐 판매자 퇴출소비자가격이 1000만 원이 넘는 명품 시계 브랜드 위블로의 클래식 퓨전 가짜 상품은 최근까지 이커머스 1위 업체인 쿠팡에서 17만9000원에 판매됐다. 제품 설명에는 정품급 고퀄라인 비교 불가 정품인지 레플모조품인지 모를 정도의 최상위 퀄리티 같은 문구가 적혀 있다. 25일 한국시계산업협동조합에 따르면 쿠팡에서만 정품급 레플리카모조품 등의 표현으로 판매되는 유명 상표 짝퉁 시계는 550여 개에 달하는 것으로 전해졌다. 협동조합 측은 회견을 열고 쿠팡은 유명 시계의 짝퉁을 버젓이 팔고 있지만 허술한 법 때문에 제재를 받지 않고 있다고 주장했다.현행 공정거래위원회의 전자상거래 등에서의 소비자보호에 관한 법률전자상거래법에 따르면 전자상거래를 하는 사업자 또는 통신판매업자가 거짓 또는 과장된 사실을 알리거나 기만적 방법을 사용해 소비자를 유인 또는 소비자와 거래하는 행위는 금지돼 있다. 쿠팡처럼 제품 설명에 정품급 레플 등 짝퉁을 암시하는 표현들이 적혀 있는 경우에는 이 법에 저촉되지 않는다는 게 이들의 지적이다. 김대붕 한국시계산업협동조합 전무는 이런 제품을 판매하는 판매업체는 상표법 위반이지만 상표권자가 대부분 유럽에 있어 감정에 시간이 걸리고 판매업체가 자취를 감추면 적발이 쉽지 않다고 말했다.이에 대해 쿠팡 측은 판매 중인 상품이 위조상품으로 확인되면 즉각적인 판매 중지는 물론이고 판매자를 쿠팡에서 퇴출시키는 등 강력한 조치를 취하고 있다고 말했다..동아일보 단독 뉴스트렌드 뉴스네이버 홈에서채널 구독하기 동아일보.,https://news.naver.com/main/read.naver?mode=LSD&mid=sec&sid1=101&oid=020&aid=0003225436,1,0
2019/09/09 00:00:00,동아일보,"배민·요기요에 밀려…‘우버이츠’, 2년 만에 한국시장 철수",우버이츠 제공.음식 배달 애플리케이션 우버이츠가 다음달 14일을 끝으로 한국 시장에서 철수한다.우버이츠는 9일 고객들에게 안내 메일을 보내 고심 끝에 우버이츠는 국내 사업을 중단하는 어려운 결정을 이르게 됐다. 오는 10월 14일까지 우버이츠 플랫폼은 정상적으로 운영된다고 밝혔다.이어 당사는 우버이츠 국내 사업 중단의 슬픔을 뒤로 하고 우버 모빌리티 사업을 통해 국내 시장을 지속적으로 지원해 나가고자 최선을 다할 것이라고 말했다.아울러 이번 결정으로 인해 당사 직원들 레스토랑 및 배달파트너 분들과 우버이츠를 사랑해 주신 고객 여러분들께 미칠 영향을 최소화하는 데 최우선적으로 집중할 것임을 말씀드린다고 덧붙였다.앞서 우버이츠는 2017년 8월 국내서 서비스를 시작했다. 배달 시장 확대로 성장해왔지만 배달의민족 요기요 등 경쟁 업체의 장벽을 넘지 못해 이같은 결정을 내린 것으로 보인다. 지난해 한국소비자단체협의회 자료에 따르면 배달 앱 시장은 2010 2012년 등장한 배달의민족55.7요기요33.5배달통10.8등 3개 업체가 장악하고 있다. 또한 이커머스 강자 쿠팡과 위메프까지 배달 앱 시장에 뛰어든 상황이다.윤우열.동아일보 단독 뉴스트렌드 뉴스네이버 홈에서채널 구독하기 동아일보.,https://news.naver.com/main/read.naver?mode=LSD&mid=sec&sid1=105&oid=020&aid=0003240257,1,0
2019/09/10 00:00:00,연합뉴스,"쿠팡, 국내 최초 배송전문가 자격증 획득",전자상거래 업체 쿠팡은 고용노동부 산하 한국산업인력공단으로부터배송전문가 자격인증을 받았다고 10일 밝혔다. 이 자격증은사업내 자격검정 인증제도 를 통해 획득한 것으로 그동안 제조업 등 기술 분야의 인증 사례는 다수 있었으나 배송 업무에 대해 자격증이 부여된 것은 이번이 처음이라고 쿠팡은 설명했다. 서울 쿠팡 국내 최초 배송전문가 자격 인증 획득쿠팡 제공확 달라진웹을 만나보세요 네이버채널 구독뭐 하고 놀까흥,https://news.naver.com/main/read.naver?mode=LSD&mid=sec&sid1=101&oid=001&aid=0011074672,1,0
2019/09/20 00:00:00,연합뉴스,"특허청, 10개 온라인 사업자와 지식재산보호 협약",지식재산보호 업무협약 왼쪽부터 송철욱티몬 부사장 권대열카카오 부사장 이오은이베이코리아 부사장 안정열11번가 부사장 공기중네이버 부사장 박원주 특허청장 김철우 번개장터이사 박대준쿠팡 부사장 이재환 위메프이사 이후국헬로마켓 대표 이태신인터파크 부사장특허청 제공. 재판매 및금지대전특허청은 국내 주요 온라인 사업자 10곳과 온라인상 지식재산 보호를 위한 업무협약을 맺었다고 20일 밝혔다.협약 업체는 네이버번개장터11번가위메프이베이코리아인터파크카카오 쿠팡티몬헬로마켓이다.특허청과 이들 업체는 온라인상 위조상품 유통 근절에 노력하고 특허 실용신안 상표 디자인 등 산업재산권 허위표시 방지를 위해 협력하기로 했다...확 달라진웹을 만나보세요 네이버채널 구독뭐 하고 놀까흥,https://news.naver.com/main/read.naver?mode=LSD&mid=sec&sid1=100&oid=001&aid=0011091932,1,0
2019/10/09 00:00:00,연합뉴스,"쿠팡, 케빈 워시 前 미국 연준 이사 영입",케빈 워시 쿠팡 신임 이사 쿠팡 제공서울쿠팡은 경제학자인 케빈 워시 전 미국 연방준비위원회 이사가 쿠팡 새 이사회 구성원으로 합류했다고 9일 밝혔다.워시 이사는 미국 공공정책 전문 싱크탱크인 스탠퍼드대 후버 연구소에서저명 방문 석학 으로 선정돼 이 대학교 경영대학원에서 강의 중이다.그는 미국 연준 이사회 이사로 조지 부시와 버락 오바마 행정부에 걸쳐 주요 20개국 정상회담 대표단으로 활약했다.워시 이사는쿠팡은 혁신의 최전방에 서 있는 기업 이라며쿠팡의 성장은 놀랍고 고객 경험은 독보적이다. 이런 회사의 이사회 구성원으로 참여할 수 있어 영광 이라고 소감을 밝혔다.이어쿠팡의 독창적인 창업자이자인 김범석 대표가 비전을 실현하는 과정을 돕고 싶다 고 덧붙였다.김범석 쿠팡 대표는쿠팡이 성장하고 혁신하는 데 워시 전 이사의 전문성이 큰 도움이 될 것 이라고 말했다. ..이 시각핫뉴스클릭네이버채널 구독뭐 하고 놀까흥,https://news.naver.com/main/read.naver?mode=LSD&mid=sec&sid1=101&oid=001&aid=0011130755,1,0
2019/11/01 00:00:00,연합뉴스,"쿠팡, 나이키·월마트 출신 마이클 파커 최고회계책임자 영입",서울쿠팡은 글로벌 재무 전문가 마이클 파커를 최고 회계책임자로 영입했다고 1일 밝혔다.파커는 쿠팡에 합류하기 전 나이키의 거버넌스 및 외부보고 통제 부문 부사장으로 활동했다. 또 이전에는 월마트에서 부패방지를 위한 재무 통제시스템을 도입하고 총괄해왔다.마이클 파커쿠팡 제공..이 시각핫뉴스클릭네이버채널 구독뭐 하고 놀까흥,https://news.naver.com/main/read.naver?mode=LSD&mid=sec&sid1=101&oid=001&aid=0011183357,1,0
2019/11/05 00:00:00,연합뉴스,"노동부, 배달앱 '요기요' 배달원 근로자로 인정",배달앱 첫 사례 라이더유니온위장도급 근절 나설 것 지난 9월 요기요에 체불임금 지급 요구하는 라이더유니온자료사진서울개인 사업자로 업무 위탁 계약을 맺고 일해온 배달 앱요기요배달원을 고용노동부가 근로자로 인정했다.배달원 노동조합라이더유니온 은 요기요의 위장도급이 확인됐다며 플랫폼 업체 전반의 위장도급 근절 운동에 나설 것이라고 밝혔다.5일 라이더유니온에 따르면 노동부 서울북부지청은 요기요 배달원 5명이 제기한 임금 체불 진정 사건에서 이들이 근로자에 해당한다는 결론을 내리고 지난달 28일 그 결과를 진정인들에게 통보했다.앞서 요기요 배달원 5명은 정해진 장소에 출퇴근할 의무가 있고 점심시간까지 보고해야 하며 특정 지역에 파견되는 등 업무 지시를 받고 있다며 지난 8월 초 노동부에 근로자 인정을 요구하는 진정을 제기했다. 이들은 주휴수당과 연장근로수당 등 체불 임금 지급도 요구했다.이에 대해 요기요는 배달원과 근로계약이 아닌 업무 위탁 계약을 체결했고 지휘 감독을 하지 않았다며 배달원을 근로자로 볼 수 없다고 주장했다.노동부는 근로자 여부에 관해 배달원들의 손을 들어줬다. 노동부 관계자는진정인의 근무 형태 등 여러 정황으로 미뤄 근로자로 볼 수 있다고 판단한 것 이라고 말했다.노동부가 배달 앱을 통해 일하는 배달원을 근로자로 인정한 것은 처음이라는 게 라이더유니온의 설명이다.라이더유니온은 요기요 외에도배민라이더스배민커넥트쿠팡잇츠등의 배달원도 근로자에 해당한다는 입장이다.라이더유니온은노동부의 이번 판단을 토대로 플랫폼 업체의 위장도급 행태를 근절하는 운동을 전개할 것 이라며요기요에서 근무하고 퇴직금 등을 못 받은 라이더들을 모아 진정을 제기할 계획 이라고 밝혔다.노동부는 이번 진정 사건 조사에서 임금 체불은 없는 것으로 판단했다. 이에 대해 라이더유니온은납득하기 어렵다 며소송을 통해서라도 권리를 찾겠다 고 강조했다.노동부의 이번 결정은 플랫폼 노동자의 근로자성 여부가 사회적 쟁점으로 떠오르는 상황에서 주목할 만하다. 노동부는 차량호출 서비스타다 에 대해서도 노동관계법 위반 여부를 조사 중이다.라이더유니온은 6일 서울 서초구에 있는 요기요 본사 회견을 열고 활동 계획 등을 밝힐 예정이다...확 달라진웹을 만나보세요 네이버채널 구독뭐 하고 놀까흥,https://news.naver.com/main/read.naver?mode=LSD&mid=sec&sid1=102&oid=001&aid=0011191666,1,0
2020/01/09 00:00:00,연합뉴스,쿠팡 신사업 담당 대표에 박대준 부사장…3인 각자대표 체제,서울쿠팡은 9일 박대준 신사업 담당 대표이사와로저스 경영관리 총괄 수석부사장을 각각 신규 선임했다고 밝혔다.쿠팡은 김범석기획 고명주인사관리 정보람핀테크 등 3인 각자대표 체제로 운영돼왔다.그러나 정 대표가 지난해 말 개인적인 사정으로 회사를 떠나고 박 대표가 신사업 담당 대표를 맡으면서 새로운 3인 각자 대표 체제로 운영된다.박 대표는전자와 네이버를 거쳐 그간 쿠팡의 정책 담당 부사장으로 일해왔다.로저스 수석부사장은 국제로펌인 시들리 오스틴과 글로벌 통신 기업 밀리콤에서 근무했다. 박대준 대표이사왼쪽와 로저스 수석 부사장 쿠팡 제공 쿠팡은 이번 인사를 통해 다양한 신사업 분야 의사 결정을 빠르게 진행하고 경영 전반을 체계적으로 관리해 고객에게 좋은 서비스를 제공할 기반을 강화한다는 계획이라고 설명했다...확 달라진웹을 만나보세요 네이버채널 구독뭐 하고 놀까흥,https://news.naver.com/main/read.naver?mode=LSD&mid=sec&sid1=101&oid=001&aid=0011326272,1,0
2020/03/31 00:00:00,연합뉴스,"쿠팡, 간편결제 사업 분사해 '쿠팡페이' 설립",서울쿠팡은 간편결제 서비스인 쿠페이를 담당하는 핀테크 사업 부문을 분사해 자회사쿠팡페이 를 설립한다고 31일 밝혔다.내달 1일 설립되는쿠팡페이 에서는 기존 쿠페이 결제 사업 외에 다른 핀테크 서비스도 개발할 계획이다.쿠페이 등록 인원은 현재까지 1천만명을 넘어섰으며 거래액 규모로는 국내 3위 수준이다.쿠팡페이대표는 2014년부터 쿠팡 간편결제 시스템 기술을 총괄해온 경인태 시니어 디렉터가 맡는다. 경인태 쿠팡페이 신임 대표 쿠팡 제공. 재판매 및금지..코로나19 속보는 네이버 에서구독 클릭팩트체크번방 박사방성착취 사건 사실은 제보하기,https://news.naver.com/main/read.naver?mode=LSD&mid=sec&sid1=101&oid=001&aid=0011512950,1,0
2020/04/21 00:00:00,연합뉴스,"쿠팡 ""크린랲 공정위 신고 사안, 법 위반 없다는 통보받아""",서울쿠팡은 지난해 7월 식품포장용품 기업 크린랲이 쿠팡을 공정거래법 위반 혐의로 공정거래위원회에 신고한 일과 관련해 공정위로부터 법 위반 사실이 없다는 통보를 받았다고 21일 밝혔다.쿠팡은 공정위가 최근 해당 신고에 대해쿠팡의 발주 중단 행위가 대리점에 불이익을 발생했다고 보기 어려워 공정거래법독점규제 및 공정거래에 관한 법률을 위반하지 않았다는 결정을 내렸다고 전했다.크린랲은 쿠팡이 자사의 대리점과 수년간 지속한 공급 거래를 일방적으로 중단해 부당한 거래거절 부당한 거래강제 금지 등 공정거래법 조항을 위반했다고 주장하며 지난해 7월 공정위에 신고했다.쿠팡 관계자는크린랲과 상생의 비즈니스 파트너십을 구축할 수 있도록 지속적인 대화를 이어나가겠다 고 말했다.쿠팡 촬영 안철수..코로나19 속보는 네이버 에서구독 클릭팩트체크사전투표용지의코드 문제있나제보하기,https://news.naver.com/main/read.naver?mode=LSD&mid=sec&sid1=101&oid=001&aid=0011562278,1,0
2020/05/31 00:00:00,경향신문,"쿠팡 관련 코로나 확진자 111명으로 증가, 신규 확진자 3일 연속 감소세",부천 쿠팡물류센터 관련 코로나19 확진자가 3명 증가한 111명으로 집계됐다. 이태원 클럽 관련 확진자는 1명 추가돼 270명으로 늘어났다. 전체 신규 확진자 수는 3일 연속으로 감소 추세를 보이고 있다.31일 서울 광화문 광장을 찾은 시민들이 코로나19 확산 방지를 위해 통제된 분수 옆을 지나가고 있다. 질병관리본부 중앙방역대책본부방대본는 31일 낮 12시 기준으로 경기 부천시 쿠팡물류센터 집단발생과 관련해 누적 확진자가 총 111명 확인됐다고 이날 밝혔다. 이 가운데 물류센터근무자는 75명 접촉자는 36명이다. 지역별로는 경기 48명 인천 44명 서울 19명 등이다. 이날 낮 12시 기준 이태원 클럽 관련 총 누적환자는 전일 12시 대비 1명이 증가해 총 270명으로 집계됐다. 이날 추가로 확인된 확진자는 세움학원 학생의 가족이다.방대본은 또 한국대학생선교회와 관련해 4명이 추가 확진되었으며 현재까지 총 8명의 확진자가 확인됐다고 밝혔다. 한국대학생선교회 관련 확진자는 지역별로 서울 4명 경기 4명 등이다.서울 서대문구 소재 아나운서 아카데미인 연아나 뉴스클래스에서는 30일 첫 확진자가 발생한 이후 추가로 3명의 확진자가 확인됐다. 인천 계양구에서는 장승백이부동산 박촌점과관련해 2명이 추가 확진돼 총 11명의 확진자가 확인됐다. 추가확진자는 부동산 방문자 1명과 동일직종 접촉자 1명이다. 방역당국은 현재 한국대학생선교회 연아나 뉴스클래스 장승백이부동산 박촌점 등과 관련된 확진자에 대해 감염원 조사 및 접촉자 관리를 진행 중이다.이날 코로나19 신규 확진자는 27명으로 집계됐다. 최근 사흘 간 신규 확진자는 27일 79명에서 다음날인 28일 58명 29일 39명 30일 27명으로 감소 추세를 보이고 있다. 31일 오전 0시 기준 코로나19 확진자는 1만1468명이다..장도리그림마당 보기경향신문 바로가기경향신문 구독신청하기 경향신문..,https://news.naver.com/main/read.naver?mode=LSD&mid=sec&sid1=102&oid=032&aid=0003012140,1,0
2020/06/02 00:00:00,동아일보,천안 쿠팡 물류센터 외주업체 직원 사망…코로나19와 무관,사진 뉴시스충남 천안 쿠팡 물류센터 조리실에서 근무하던 외주업체 직원이 갑자기 쓰러져 숨졌다.해당 물류센터는 최근 신종 코로나바이러스 감염증코로나19 확진자가 잇달아 발생한 경기 부천 물류센터와는 다른 곳이다.2일 보건당국 등에 따르면 전날 오후 3시 17분경 충남 천안시 동남구 수신면에 있는 쿠팡 천안물류센터 조리실에서 일하던 외주업체 직원씨39 여가 가슴 통증을 호소하며 쓰러졌다.신고를 받고 경찰과 119구급대가 현장에 도착했을 때씨는 이미 심정지 상태였다. 심폐소생술을 받으며 즉시 병원으로 옮겨졌지만씨는 끝내 숨졌다.보건당국은씨의 사망과 코로나19는 연관성이 없는 것으로 파악하고 있다. 사인은 심장마비일 가능성이 큰 것으로 알려졌다.장연제.네이버에서채널 구독하기집 볼 때 쓰는 메모장집보장동아일보.,https://news.naver.com/main/read.naver?mode=LSD&mid=sec&sid1=102&oid=020&aid=0003289648,1,0
2020/06/19 00:00:00,연합뉴스,"""플랫폼 규제, 전통적 접근으론 안돼…법 규정 개선 필요""",공정위 경쟁법학회 심포지엄 공정거래법 대규모유통업법 등 개선 논의온라인쇼핑권도윤 제작일러스트세종오픈마켓과 배달앱 포털 등 플랫폼 산업의 공정거래를 위해 새로운 방식의 규제가 필요하다는 지적이 나왔다.19일 공정거래위원회와 한국경쟁법학회가플랫폼 분야 반경쟁행위 유형 및 주요 쟁점 을 주제로 개최한 화상 심포지엄에서 전문가들은 정부가 온라인을 통한 중개 플랫폼 산업의 특성을 고려한 규제 정책을 펼쳐야 한다고 한목소리로 제언했다.시장 획정 시장지배력 평가 방법 고민해야서정 법무법인 한누리 변호사는플랫폼의 경쟁법적 쟁점발표에서우리나라 공정거래 실무는 플랫폼 사업자에 대해 여전히 전통적 접근 방법을 취하는 경우가 많고 이 과정에서 플랫폼 사업의 양면성을 간과하거나 효율성 증대 효과를 과소평가하는 경향이 엿보인다 고 지적했다.플랫폼은 판매자와 소비자를 연결하는양면시장 의 성격을 가져단면시장 에만 초점을 맞춰온 그간의 법 규정들을 적용하기에는 한계가 있다는 것이다. 역동성이 큰 플랫폼 산업에서는 시장지배력을 점유율에 근거해 추정하기 어렵다는 점도 언급됐다.서 변호사는플랫폼의 시장획정에 관해 전통적인 방법을 따를 것인지 새로운 방법을 채택할 것인지 등에 관해 면밀한 검토가 요구된다 며지배력을 평가할 때 시장점유율 이외에 신규진입 경쟁전력 등 다양한 요소를 충분히 고려할 필요가 있다 고 강조했다.또플랫폼 사업자 규모가 커지면서 규모 자체를 규제하거나 사전규제를 강화하려는 움직임이 있다 며특정 사업자에 대한 사전규제보다는 경쟁법을 활용한 보편적 사후규제가 바람직하다 고 말했다.서 변호사는본격적인 규제에 앞서 해당 시장과 사업모델에 대한 충분한 조사와 이해가 선행돼야 한다 며규제의 과잉집행 우려가 큰동태적으로 변화하는 시장 보다는 과소집행 우려가 큰독점의 고착화 현상이 나타나는 시장위주로 플랫폼 규제의 우선순위를 정해야 한다 고 말했다.대규모유통업법 공정거래법 등 개정해 규제할 수도정주미 서울대 법학연구소 박사는공정거래법상 온라인 유통플랫폼 사업자에 대한 착취남용행위 규제발표에서온라인 유통플랫폼 사업자는 직전 사업연도 소매업종 매출액이 1천억원 이상인 경우 대규모유통업법과 공정거래법이 모두 적용될 수 있지만 한계가 있다 고 분석했다.정 박사는대규모유통업법은 대규모유통업자와 납품업자 또는 매장 임차인 간 불공정 문제 해결에 초점을 두고 있다. 공정거래법상 착취남용행위는 법 집행이 제대로 이뤄지지 않았고 법령상 규정도 미비한 부분이 많다 며 개선이 필요하다고 지적했다.김윤정 법제연구원 박사는온라인 플랫폼의 거래상 지위남용 규제를 위한 입법적 과제발표에서 온라인 유통플랫폼을 규제하기 위한 다양한 입법 경우의 수를 따졌다.가장 실현가능성이 높다고 본 것은 공정거래법 개정을 통한 규제다.김 박사는공정거래법 제23조불공정거래행위의 금지 는 대규모 온라인 유통플랫폼에 입점한 중소판매자에 대한 통신판매중개업자의 불공정거래행위를 규제하는 근거가 될 수 있다 고 말했다.다만일반법인 공정거래법은 온라인 유통플랫폼을 특별히 감시하는 법이 아니기에 법률 집행빈도가 낮다는 한계가 있다 고 덧붙였다.그는통신판매중개업자를 온라인쇼핑몰 매장을 수수료 기반으로 임대해주는 사람으로 볼 수 있다는 점에서 대규모유통업법을 개정해 통신판매중개업자 규제를 도입하는 것을 생각해볼 수 있다 며 이 경우 연매출 1천억원을 초과하는 지마켓 옥션 11번가 쿠팡 배달의민족 등이 규제 대상이 될 수 있다고 설명했다.그러면서통신판매중개업자의 입점업체에 대한 불공정 거래행위까지 이 법으로 다루기 위해서는 온라인 유통플랫폼에 특화된 다수의 금지행위 규정이 추가로 도입돼야 한다 고 지적했다.김 박사는 전자상거래소비자보호법을전자상거래법 으로 바꿔 소비자를 보호하고 불공정거래를 규제하는 방안도 제시했는데 규율 범위 확장으로 소비자 보호에 소홀해질 수 있고 불공정거래행위 규제 조항 도입이 이질적일 수 있다는 점은 한계로 봤다.온라인 유통플랫폼 거래 공정화에 관한 특별법을 제정해 통신판매중개업자의 불공정거래를 규제할 수도 있으나 이 경우 쿠팡처럼 통신판매업자이자 통신판매중개업자인 사업자는 대규모유통업법과 특별법 양쪽의 규제를 받게 될 수 있다고 분석했다...코로나19 속보는 네이버 에서구독 클릭팩트체크초등생 성폭행하고도 여자라서 무죄제보하기,https://news.naver.com/main/read.naver?mode=LSD&mid=sec&sid1=101&oid=001&aid=0011690172,1,0
2020/06/26 00:00:00,동아일보,공정위 ‘온라인 플랫폼 갑질 방지법’ 만든다,쿠팡 배민 등의 불공정행위 사전 차단업계 의견 수렴후 내년 상반기 입법대형 쇼핑몰 심사지침도 추진공정거래위원회가 쿠팡이나 배달의민족 등 온라인 플랫폼 업체들의 불공정 행위를 법률로 제재한다. 이른바 플랫폼 갑질을 제재하겠다는 것이다. 공정위는 25일 플랫폼 기업과 입점 업체 간 분쟁 해결을 주요 내용으로 하는 온라인 플랫폼 중개 거래의 공정화에 관한 법률가칭 제정을 추진한다고 밝혔다. 업계 의견을 수렴해 내년 상반기1 6월 입법을 목표로 세부 내용을 마련할 계획이다.공정위는 플랫폼 업체가 입점 업체에 판촉 비용을 전가하는 등 불공정행위 위험이 커지고 하자가 있는 제품 배송에 대해 플랫폼이 책임을 회피하는 등 소비자 피해가 늘고 있다고 법률 제정 필요성을 설명했다. 지금도 공정거래법을 통해 기업들의 불공정행위를 제재하고 있지만 온라인 플랫폼 기업에 이를 적용하기란 쉽지 않다. 예를 들어 플랫폼 사업자가 입점업체에 불공정행위를 저질렀을 때 거래상 지위 남용 행위를 금지한 공정거래법 23조를 적용할 수 있지만 플랫폼 사업자에 거래상 지위가 있다고 보기 어렵다는 것이다. 공정위 관계자는 요기요에 입점했던 식당이 배달의민족 같은 다른 플랫폼으로 갈아타는 데 아무 문제가 없다는 점에서 특정 플랫폼 사업자가 입점업체에 대해 거래상 지위가 있다고 판단하기 쉽지 않다고 했다. 공정위는 또 연말까지 네이버쇼핑 등 대형 온라인 쇼핑몰 사업자의 불공정행위를 규율하기 위한 심사지침도 만든다. 현행 대규모유통업법은 대형마트를 타깃으로 하는데 납품업체와 거래 건수가 훨씬 많은 온라인 쇼핑몰에 이를 적용하기 어려워 별도 지침을 제정하는 것이다. 관련 업계에서는 플랫폼 사업이 현재 계속 성장하는 분야이기 때문에 법으로 불공정 여부를 규정하기 어려운데 공정위가 서둘러 개입하는 게 부담스럽다는 기류다. 세종 .네이버에서채널 구독하기집 볼 때 쓰는 메모장집보장동아일보.,https://news.naver.com/main/read.naver?mode=LSD&mid=sec&sid1=101&oid=020&aid=0003294349,1,0
2020/07/08 00:00:00,경향신문,‘코로나19 감염’ 쿠팡 물류센터 노동자 첫 산재신청,폐쇄된 환경에 수백명 밀집기본적 방역 수칙 안 지켜 경향신문쿠팡 부천 물류센터에서 근무하다 코로나19에 감염된 노동자가 처음으로 산업재해를 신청했다.쿠팡 관련 코로나19 피해노동자 지원대책위원회는 8일 쿠팡 부천 물류센터에서 근무하다 코로나19에 감염된 노동자가 업무상 재해 인정을 위한 산재 신청을 이날 접수했다고 밝혔다.김혜진 불안정노동철폐연대 상임활동가는 다른 노동자들도 산재 신청을 상담 중이라고 말했다. 질병관리본부 지방자치단체 역학조사 결과에 따르면 지난 5월 첫 확진자 발생부터 현재까지 쿠팡 부천 물류센터를 통한 확진자 수는 152명이다.대책위는 쿠팡 물류센터 집단 감염 사태가 노동자들이 업무를 수행하던 중 이뤄진 것이라서 업무상 재해에 해당된다고 주장했다. 대책위는 최초 확진자로부터 전염된 노동자들이 물류센터에서 근무하면서 대대적인 전파가 이뤄졌다고 밝혔다. 물류센터 측이 기본적인 방역수칙을 지키지 않았다는 점도 근거로 들었다. 대책위는 물류센터가 저온물류센터 특성상 폐쇄된 환경인 데다 수백명이 밀집 근무해 전파가 쉬웠다고 봤다.정은경 중앙방역대책본부 본부장도 이날 질병관리본부 브리핑에서 조사했을 때 작업 환경의 특성 때문에 마스크 착용이 어려웠던 한계가 있었고 휴게 공간이나 통근버스 식당 등에서 방역수칙 준수가 미흡한 것으로 판단했다며 마스크 착용이 어려운 환경 휴게실이나 식당에서의 거리 두기가 미흡한 요인 등이 복합적으로 작용한 것으로 보고 있다고 말했다.쿠팡 노동자들은 이날 서울 여의도 국회 의원회관에서 정의당 류호정 의원실 주최로 열린 쿠팡 코로나19 피해노동자 증언대회에서 쿠팡 물류센터의 노동 환경이 코로나19 감염에 얼마나 취약한 상황인지 설명했다. 이들은 자신들이 근무한 물류센터에서는 마스크 착용 손 소독제 사용 등 기본적인 방역수칙이 지켜지지 않았다고 했다. 쿠팡 노동자씨49는 물류센터의 노동 환경은 빠르게 돌아간다. 중간 관리자들도 빨리빨리를 외치느라 마스크를 쓰지 않는다고 했다.물류센터 노동자들은 맨손으로 작업했다고 했다. 장갑을 끼고 일하면 정해진 시간 내에 업무를 처리할 수 없기 때문이다. 전 쿠팡 노동자씨50는 수백명이 일하는 곳임에도 한 층에 여자화장실 칸이 세 개고 수도꼭지가 단 두 개였다며 노동 환경 개선을 제안하면 사측은 실적부터 물어봤다고 했다.이보라.장도리그림마당 보기경향신문 바로가기경향신문 구독신청하기 경향신문..,https://news.naver.com/main/read.naver?mode=LSD&mid=sec&sid1=102&oid=032&aid=0003019544,1,0
2020/08/14 00:00:00,연합뉴스,"""우린 못 쉬어요""…'택배없는 날'에도 일하는 배송기사들",연휴 후 급증할 배송량도 부담하루 휴무 아닌 근본적 대안 필요지적도 서울김보경배송 기사들의 휴무를 위해 택배 배송을 하루 중단하는택배 없는 날 이 14일 처음으로 시행됐지만 모든 택배기사가 다 쉬는 것은 아니다.대형 4개 업체만택배 없는 날 에 동참하면서 이날 일을 해야 하는 중소 택배업체의 배송 기사들은 상대적 박탈감을 호소하고 있다.또 연휴 후 배송량이 급증할 것으로 예상되는 만큼 하루 휴무가 배송 기사들의 부담을 줄이는 근본적인 방안은 아니라는 지적도 나온다. 택배 배송 작업자료사진물류 유통업계에 따르면대한통운과 롯데택배 한진 로젠택배 등 4개 택배사는 이날 하루를택배인 리프레시 데이 로 지정하고 택배 배송을 하지 않고 있다. 이들 4개 업체의 시장 점유율은 80정도다.그러나 이들을 제외한 나머지 중소 택배사들은 이날도 정상 배송을 진행한다. 전국 택배사들이 회원사로 가입한 한국통합물류협회 택배위원회가택배인 리프레시 데이 를 정하면서 회사별 사정에 따라 자발적으로 참여를 결정하도록 했기 때문이다.또 쿠팡닷컴 마켓컬리 등 자체 배송망을 갖춘 전자상거래 업체들 역시 이날 쉬지않고 배송업무를 진행한다.특수고용노동자인 일반 택배 기사들과 달리 전자상거래 업체 자체 배송 기사들은 원청 또는 도급사와 근로계약을 맺은 노동자여서 이날 쉬지 않아도 주5일 근무 등을 할 수 있기 때문이다.이런 사정이 있지만 이날 모든 택배업계가 쉬는 것처럼 알려지면서 쉬지 못하는 배송 기사들은 상대적 박탈감을 호소하고 있다.중소 택배업체의 한 배송 기사는 인터넷 커뮤니티에 올린 글에회사에선 이날 영업을 하는 기업이나 상인들을 위해서 우리가 일해야 한다고 다독였지만 씁쓸한 것도 사실 이라면서잘 아는 고객으로부터잘 쉬라 는 문자까지 받았는데 뭐라고 해야 할지 모르겠다 라고 적었다.이 기사는쉬려면 다 같이 쉬어야지 누구를 위한 날인가 싶다 라면서심지어 쉬는 날도 대기업과 중소기업이 차별받나 하는 생각이 든다 라고 덧붙였다.이날 휴무하지 못하고 배송을 하는 택배업체들도 고민이 있다.한 소규모 택배업체 관계자는주로 기업 물량과 소상공인 물량을 담당하는데 택배 배송을 쉬면 이들 영업에도 차질이 생길 수밖에 없어택배 없는 날 에도 어쩔 수 없이 운송을 한다 고 설명했다. 택배 없는 날지정해주세요자료사진 택배기사별로 배송 지역과 물량이 정해져 있어 연휴 후 배송이 시작되는 17일부터 이전에 배송되지 못한 택배를 포함해 업무량이 배가 될 것이라는 우려도 나온다.이에 따라 배송 기사들을 한꺼번에 쉬게 하는 휴무일보다 다른 방식을 고민해야 한다는 의견도 있다.이날 휴무하는 한 대형업체 택배기사는통화에서쉬어서 좋은 면도 있지만 추석 등 연휴 이후 고생했었던 생각을 하면 한숨도 나온다 면서저희가 하루 쉬면 다음 날 물량이 2배로 늘기 때문에 사실 택배는 쉬는 날 없이 하는 게 좋긴 하다 라고 말했다.이 기사는 그러나택배 기사들을 위해 이런 휴무 제도가 만들어지는 것은 분명히 좋은 일 이라면서다만 이렇게 한꺼번에 쉬기보다는 택배기사들이 번갈아 쉬는 제도는 어떨까 싶다 고 덧붙였다...집중호우 속보는 네이버구독 클릭팩트체크 금배지 너무 오래 달지 말자제보하기,https://news.naver.com/main/read.naver?mode=LSD&mid=sec&sid1=101&oid=001&aid=0011814877,1,0
2020/08/18 00:00:00,경향신문,“코로나19 연쇄감염된 직원 가족 의식불명…쿠팡은 왜 책임지지 않나”,집단감염 87일 기자회견 경향신문쿠팡 코로나19 피해자 지원대책위원회 관계자들이 18일 서울 송파구 쿠팡 본사 앞에서 쿠팡의 부실한 코로나19 대응을 비판하고 노동조건 개선을 회견을 하고 있다.회사 가족들 피해 나몰라라 피해자 면담 요구에는 침묵 노동자 97비정규직인 데다 작업 환경은 여전히 밀착 건강권 개선 근본 대책 촉구쿠팡 부천 물류센터에서 일하다 코로나19에 감염된 노동자와 시민사회단체가 쿠팡의 부실한 코로나19 대응을 비판하며 노동조건 개선과 사과를 요구했다.쿠팡 코로나19 피해자 지원대책위원회와 80여개 시민사회단체는 18일 서울 송파구 쿠팡 본사 회견을 열었다. 이들은 부천 물류센터에서 코로나19 집단 감염이 발생한 지 87일이 지났지만 쿠팡 측은 피해자들의 면담 요구에도 묵묵부답이라며 피해 노동자에게 사과와 제대로 된 보상을 하고 재발방지를 위해 노동조건을 개선하라고 말했다. 대책위는 쿠팡 부천 물류센터에서 일하다 코로나19에 감염된 전모씨가 최근 산재를 인정받았지만 쿠팡은 제대로 책임지지 않고 있다고 주장했다. 전씨는 지난 5월23일 확진자가 나온 부천 물류센터에서 확진자 동선이나 감염수칙 안내를 받지 못하고 그달 25일까지 일하다 26일 확진 판정을 받았다. 이후 전씨의 남편과 딸이 모두 코로나19에 감염됐다. 대책위에 따르면 전씨는 감염으로 인해 일하지 못한 날에 대한 손실 일부와 치료비를 보전받게 되었지만 가족에 대해선 치료 지원 등이 이뤄지지 않았다. 현행법상 산재보험은 당사자에게만 적용된다.쿠팡 코로나19 피해자 모임은 전씨의 발언을 대독하며 남편은 기저질환 없이 경증으로 코로나 확진을 받았지만 입원 11일째 되는 날 심정지가 왔고 석 달 가까이 의식불명 상태라며 쿠팡의 안일한 대처는 불과 며칠 사이 한 가정을 해체시켰다고 말했다. 이어 쿠팡은 당시 확진자 동선을 노동자들에게 알리지 않아 대처할 수 없게 만들어 안전 의무에 소홀했다며 책임자 처벌과 진심 어린 사과 책임과 보상만이 피해 노동자에게 할 수 있는 최소한의 도리라고 말했다.이들은 쿠팡이 재발방지 대책을 마련하지 않은 채 사업장 영업을 재개했다고 주장했다. 노동자들이 여전히 쌓인 물량을 해결하려 밀착해 일을 하고 일자리를 잃을 우려에 아파도 쉴 수 없는 노동환경에 처해 있다는 것이다. 이나래 한국노동안전보건연구소 활동가는 쿠팡 부천 물류센터의 근무자는 97 가 비정규직이라며 고용형태가 불안정할수록 필요한 정보를 요구하기 어렵고 사업장 위험을 개선할 방안도 효과를 보기 어렵다고 말했다. 이어 이번 사건을 계기로 노동자의 건강권을 심각하게 훼손하는 쿠팡 물류센터의 노동환경이 근본적으로 개선돼야 한다고 말했다.대책위는 쿠팡이 피해자모임의 면담 요구에 적극적으로 나서서 피해 회복을 위해 노력하고 작업 환경을 개선할 대책을 마련해야 한다고 요구했다. 쿠팡 측은 코로나19 확산 초기부터 방역 가이드라인을 준수해왔으며 지난 5월 부천 물류센터의 확진자 발생 사실을 파악한 이후 감염 확산을 최소화하기 위해 필요한 조치를 이행했다고 밝혔다..장도리그림마당 보기경향신문 바로가기경향신문 구독신청하기 경향신문..,https://news.naver.com/main/read.naver?mode=LSD&mid=sec&sid1=102&oid=032&aid=0003027231,1,0
2020/10/26 00:00:00,연합뉴스,"국회 환노위 소속 의원들, 고 장덕준 씨 유가족과 간담회",세종국회 환경노동위원회 소속 더불어민주당과 정의당 의원들이 26일 정부세종청사에서 열린 국회 환경노동위원회의 고용노동부 경제사회노동위원회 중앙노동위원회 등 소관기관에 대한 국정감사 점심시간 중 지난 12일 대구 쿠팡 물류창고에서 근무한 뒤 집에서 갑작스럽게 숨진 고 장덕준 씨 유가족과 간담회를 하고 있다. 2020.10.26..코로나19 속보는 네이버구독 클릭팩트체크 검찰총장은 법무장관 부하제보하기 저작권자..무단 전재 재배포 금지,https://news.naver.com/main/read.naver?mode=LSD&mid=sec&sid1=100&oid=001&aid=0011970732,1,0
2020/10/26 00:00:00,연합뉴스,국감 질의 답하는 엄성환 쿠팡풀필먼트서비스 전무,세종엄성환 쿠팡풀필먼트서비스 전무가 26일 정부세종청사에서 열린 국회 환경노동위원회의 고용노동부 경제사회노동위원회 중앙노동위원회 등 소관기관에 대한 국정감사에 증인으로 출석해 쿠팡 물류창고에서 근무 후 집에서 숨진 고 장덕준 씨와 관련된 질의에 답하고 있다. 2020.10.26..코로나19 속보는 네이버구독 클릭팩트체크 검찰총장은 법무장관 부하제보하기 저작권자..무단 전재 재배포 금지,https://news.naver.com/main/read.naver?mode=LSD&mid=sec&sid1=100&oid=001&aid=0011970929,1,0
2020/10/26 00:00:00,연합뉴스,"쿠팡, OTT사업 진출하나…'쿠팡 플레이' 등 상표권 등록",쿠팡제공 서울쿠팡이 최근 사업목적에 온라인음악서비스와 온라인콘텐츠 서비스 제공업을 추가하고 관련 상표권을 출원했다.26일 유통업계에 따르면 쿠팡은 최근 정관 사업목적에 온라인 음악서비스 제공업과 기타 부가통신서비스온라인콘텐츠 서비스를 추가했다.쿠팡은 또 지난달 17일 이후쿠팡와우 플레이 와로켓와우 플레이쿠팡스트리밍쿠팡플레이쿠팡오리지널쿠팡 티비쿠팡플러스쿠팡비디오쿠팡라이브상표권을 잇달아 출원했다.이를 두고 쿠팡이 온라인 동영상 서비스사업에 진출하는 것 아니냐는 관측이 나온다.쿠팡 측은시장 진출 여부에 대해 별다른 입장을 밝히지 않고 있다.그러나 업계에서는 쿠팡이 지난 7월 싱가포르의업체인훅을 인수한 것으로 알려진 점 등을 고려할 때 시장 진출 가능성이 큰 것으로 보고 있다.쿠팡은 지난달 라이브 커머스 분야 경력직원 채용에 나서는 등 방송 관련 인력도 채용하고 있는 것으로 알려졌다.증권은 최근 보고서에서 쿠팡의 사업목적 추가를 두고사실상 쿠팡의서비스 출시가 임박했다고 봐야 한다 면서서비스 제공은 인터넷 플랫폼으로 가는 전철을 밟고 있는 것으로 판단된다 고 분석했다...코로나19 속보는 네이버구독 클릭팩트체크 이건희 회장 상속세는제보하기 저작권자..무단 전재 재배포 금지,https://news.naver.com/main/read.naver?mode=LSD&mid=sec&sid1=101&oid=001&aid=0011971927,1,0
2020/10/28 00:00:00,경향신문,"쿠팡, 경영관리총괄 대표에 강한승 전 김앤장 변호사 선임",경향신문쿠팡이 강한승 전 김앤장 변호사를 경영관리총괄 대표이사 사장으로 선임했다고 28일 밝혔다.강 사장은 쿠팡 합류 이전에 청와대 법무비서관 헤이그 국제사법회의 정부대표 등을 역임하며 국내외 법률 현장에서 경험을 쌓아왔다. 2013년부턴 김앤장 법률사무소 변호사로 근무하면서 다양한 기술혁신 기업에 대한 법률 조언을 맡아왔다. 특히 강 사장은 2017년 쿠팡의 로켓배송 소송을 대리해 승소한 이후 쿠팡에 법률자문을 해온 것으로 알려졌다. 강 사장은 향후 쿠팡의 법무 및 경영관리 분야를 총괄 담당하게 된다.강 사장은 쿠팡과 함께 일하며 고객 경험을 향한 쿠팡의 기업 정신을 느낄 수 있었다며 그간의 다양한 경험을 바탕으로 사회와 적극 소통하면서 쿠팡이 고객 한국사회에 더욱 기여할 수 있도록 노력하겠다고 했다..인터랙티브난 어떤 동학개미경향신문 바로가기경향신문 구독신청하기 경향신문..,https://news.naver.com/main/read.naver?mode=LSD&mid=sec&sid1=101&oid=032&aid=0003040064,1,0
2020/10/28 00:00:00,연합뉴스,"쿠팡, 택배시장 진출하나…물류 자회사, 사업자 자격 신청",쿠팡 촬영 안철수서울쿠팡이 최근 국토교통부에 물류 자회사의 화물자동차 운송사업자 자격을 신청했다.28일 쿠팡에 따르면 물류자회사 쿠팡로지스틱스는 지난 14일 국토부에 화물차 운송사업자 신청서를 냈다.심사를 거쳐 사업자 자격을 받으면 쿠팡로지스틱스는 쿠팡의 로켓배송 물량을 배송할 수 있다.쿠팡로지스틱스는 과거 화물차 운송사업자 자격을 갖고 쿠팡의 로켓배송 물량 일부를 배송해 왔으나 지난해 자격을 반납한 바 있다.업계에서는 쿠팡이 장기적으로는 화물차 사업자 자격을 이용해 제3자 물류 사업물류 전반을 특정 물류 전문업체에 위탁을 할 것이란 관측이 나온다.이와 관련해 쿠팡 측은국토부 심사가 진행 중인 만큼 입장을 밝힐 수 없다 고 말했다...코로나19 속보는 네이버구독 클릭팩트체크 공수처장 없이 공수처 출범 가능제보하기 저작권자..무단 전재 재배포 금지,https://news.naver.com/main/read.naver?mode=LSD&mid=sec&sid1=101&oid=001&aid=0011977485,1,0
2020/10/29 00:00:00,연합뉴스,"쿠팡, 신임 최고기술책임자로 전 우버 임원 영입",투안 팸 쿠팡 신임 최고기술책임자쿠팡 제공. 재판매 및금지서울쿠팡이 세계 최대 공유차량 서비스 기업 우버의 임원 출신을 최고기술책임자로 영입했다.쿠팡은 투안 팸 전 우버를 신임로 선임했다고 29일 밝혔다.베트남계 미국인인 팸는 미 매사추세츠공대를 졸업했으며 온라인 광고서비스업체인 더블클릭 부사장 글로벌 가상화 솔루션 업체인웨어의 연구개발담당 부사장을 거쳐 우버에서로 근무했다.쿠팡은 팸 신임가 연간 승차 공유 횟수가 1천만건 수준이었던 우버를 현재 세계 800개 도시에서 매년 70억건 이상의 승차 공유를 연결하는 서비스로 성장시킨 경험이 있다며쿠팡이 한 단계 도약하는 데 중요한 역할을 해줄 것이라고 소개했다.팸는쿠팡은 사람들이 살아가는 방식을 바꾸는 회사 라며세계인들의 삶을 바꾸겠다는 큰 비전을 가진 회사에 합류해 함께 변화를 만들어 갈 수 있다는 것은 일생일대의 기회 라고 말했다...코로나19 속보는 네이버구독 클릭팩트체크 공수처장 없이 공수처 출범 가능제보하기 저작권자..무단 전재 재배포 금지,https://news.naver.com/main/read.naver?mode=LSD&mid=sec&sid1=101&oid=001&aid=0011978679,1,0
2020/11/05 00:00:00,연합뉴스,"""온라인플랫폼법, 세계 최고 수위 규제…스타트업 성장 막아""",스타트업코리아연례 보고서일본보다 규제 과도해핀테크도 인허가 규제 때문에 한국만 트렌드 뒤처져 스타트업게티이미지뱅크 제공서울정부가 추진하는 온라인 플랫폼 규제가 해외 규제와 비교했을 때 과도한 수준이며 빅테크 기업을 규제하는 게 아니라 스타트업 성장을 가로막을 수 있다는 스타트업계 우려가 나왔다.아산나눔재단 아마존웹서비스스타트업얼라이언스 코리아스타트업포럼은 스타트업 정책 방향을 제시하는2020 스타트업코리아보고서에 이런 내용을 담아 5일 발표했다.보고서에는2온오프라인 연계 플랫폼 핀테크 비대면 진료 리걸테크 인공지능등 최근 스타트업들의 대표적인 사업군별로 어떤 정책 방향이 필요한지 제언하는 내용이 담겼다.우선 배달 숙박 모빌리티 등을 가리키는2플랫폼의 경우 국내 매출 규모가 2014년 1.1조원에서 2019년 3조원으로 연평균 20이상씩 빠르게 성장하고 있는 것으로 분석됐다.미국 스타트업 조사기관인사이트에 따르면 2019년 말 전 세계에 유니콘 스타트업1조원 이상의 가치를 지녔다고 평가받는 비상장기업이 426개 있고 한국에는 11개 있는데 이 중 5개가2플랫폼이다. 쿠팡 우아한형제들 야놀자 위메프 무신사 등이다.그러나 보고서는국내2유니콘들이 세계 최고 수위에 달하는 규제로 인해 산업 경쟁력이 약화할 우려가 있다 면서스타트업이 어렵게 구축한 시장에 공공 앱을 도입하는 것은 혁신 의지를 저해한다 고 지적했다.보고서는 공정거래위원회가 입법 추진 중인온라인 플랫폼 중개 거래의 공정화에 관한 법률 온라인플랫폼법이 해외 규제와 비교했을 때금지 규정 까지 담고 있어 지나친 규제라고 우려했다.온라인플랫폼법은거래상 지위 남용 행위 를 적시해 금지하려고 하는데 플랫폼 규제를 도입한 유럽연합일본의 경우 구체적인 행위를 금지하는 규정은 없고 큰 틀을 제시하는 수준인데 반해 공정위 법안은 과도하다는 것이다.보고서는 정부가 규제 범위와 수준을 면밀히 검토하고 입법 과정에서 사회적 합의를 거쳐야 한다고 촉구했다.2020 스타트업코리아보고서 캡처. 재판매 및금지보고서는 핀테크 분야도 간편결제 송금 등 다양한 서비스가 등장하면서 급성장했는데 까다로운 금융업 인허가 라이선스 규제가 발목을 잡고 있다고 비판했다.특히 보고서는 국내 규제가 핀테크의 차세대 트렌드로 주목받는임베디드 파이낸스의 국내 도입을 막고 있다고 우려했다.임베디드 파이낸스는 비금융사가 금융사의 금융 상품을 중개 재판매하는 것을 넘어서 자사 플랫폼에 핀테크 기능을 내장하는 형태의 핀테크다.제조회사가 자사 고객 데이터를 활용해 보험 상품을 설계하거나 쇼핑 플랫폼이 할부 결제나 현금 서비스 기능을 제공하는 것이 대표적인 예시다.네이버파이낸셜이 미래에셋캐피탈과 파트너십을 맺고 네이버쇼핑 사업자를 대상으로 금융 대출 상품을 출시하겠다고 밝힌 것이 국내 사례다.보고서는미국 벤처업계에서는 임베디드 파이낸스를 통해 모든 기업이 핀테크 기업이 될 것으로 전망하며 관련 시장은 올해 약 225억 달러에서 2025년 2천300억 달러 규모로 성장할 것으로 예상된다 고 전했다.이어국내 금융 규제는 업종별로 라이선스를 받도록 하는 포지티브방식 인허가 규제고 비금융사나 스타트업의 여신 거래는 아예 봉쇄돼있다 며연내 발표될스몰 라이선스제도의 수준에 주목하고 있다 고 덧붙였다.보고서는 비대면 진료의 경우에도 글로벌상위 15개국 중 한국만 전면 금지하고 있다면서 정부가 코로나19로 인한 위기를 디지털 혁신으로 바꾸려면 스타트업 성장을 위해 노력해야 한다고 강조했다.최성진 코리아스타트업포럼 대표는세계적으로 디지털 전환이 가속하는 상황에서 국내 제도는 글로벌 경쟁력을 구축하는 데에 부족한 점이 있다 며정체된 분야의 장애물을 제거하고 성장하는 분야가 도약할 수 있도록 뒷받침해야 한다 고 말했다. ..코로나19 속보는 네이버구독 클릭팩트체크구치소 수감뒤 교도소행특혜제보하기 저작권자..무단 전재 재배포 금지,https://news.naver.com/main/read.naver?mode=LSD&mid=sec&sid1=105&oid=001&aid=0011994874,1,0
2020/12/24 00:00:00,경향신문,‘아마존의 길’로 향하는 쿠팡…월 2900원짜리 OTT 내놨다,와우 멤버십 대상 쿠팡 플레이배송 동영상 등 무제한 서비스 경향신문전자상거래 업체 쿠팡이 온라인 동영상 서비스쿠팡 플레이를 출시했다. 월 2900원을 내는 쿠팡 와우 멤버십 회원에게 로켓배송과 함께 쿠팡 플레이에 있는 영화 드라마 등 동영상도 무제한 제공하는 방식이다.쿠팡은 24일 동영상 스트리밍 서비스 쿠팡 플레이를 새롭게 선보인다고 밝혔다. 쿠팡의 와우 멤버십 서비스에 가입한 회원이면 추가 비용이나 별도의 가입 절차 없이 쿠팡 플레이 애플리케이션앱을 다운로드받아 이용할 수 있다. 현재 구글플레이 스토어에서 다운로드할 수 있고와 태블릿스마트버전 등도 순차적으로 출시할 예정이다.쿠팡 플레이는오리지널 스파이더맨 시리즈밤쉘 세상을 바꾼 폭탄 선언등 할리우드 영화와맛있는 녀석들금쪽같은 내 새끼등 국내 인기 프로그램대교의 교육 영상까지 다양한 콘텐츠로 구성됐다. 최신 미국시리즈존경하는 재판장님교육형 뉴스 콘텐츠10등 독점 콘텐츠도 조만간 선보일 계획이다. 쿠팡 플레이 계정 1개로 최대 5개까지 프로필을 만들 수 있고 키즈 모드 기능도 갖췄다. 쿠팡은 지난해 음식 배달 서비스 쿠팡 이츠를 내놓은 데 이어까지 내놓으며 사업을 확장하고 있다. 이 같은 전략은 세계 1위 전자상거래 업체인 아마존의 길을 가겠다는 구상을 본격화한 것으로 분석된다. 유료회원들이 쿠팡에서 필요한 모든 걸 해결하도록 하겠다는 콘셉트다. 아마존은 빠른 배송을 무기로 미국 내 수억명의 프라임 회원을 확보한 후 음식 배달 동영상 콘텐츠 등 서비스를 얹고 오프라인 무인 매장 사업까지 진출했다..인터랙티브자낳세에 묻다경향신문 바로가기경향신문 구독신청하기 경향신문..,https://news.naver.com/main/read.naver?mode=LSD&mid=sec&sid1=105&oid=032&aid=0003050596,1,0
2021/01/07 00:00:00,연합뉴스,"오픈마켓 전환 '박차'…SSG닷컴, 티몬·쿠팡서 임원 수혈",쓱닷컴.촬영 안철수서울닷컴이 오픈마켓 전환을 앞두고 경쟁업체 출신 인사를 잇달아 영입해 눈길을 끈다.7일 유통업계에 따르면닷컴은 지난해 말 최영준 티몬 부사장 겸 최고재무책임자를 최고전략책임자로 영입했다.또 김일선 쿠팡 푸드 관련 상품기획자와 이미연 이베이코리아인사 업무 담당자를 각각 라이프스타일 담당상무과 인사 담당상무으로 채용했다.최는 적자 상태이던 티몬을 시간대별 특가 상품을 선보이는 타임커머스로 전환하며 티몬의 첫 월간 흑자 달성에 기여한 전략 전문가로 평가받는다.김 라이프스타일 담당과 이 인사 담당도 해당 분야에서 전문성이 있는 인사라고닷컴 관계자는 설명했다.닷컴이 오픈마켓 전환에 속도를 내고 경쟁력도 강화하려는 것으로 분석된다. 그동안 직매입하거나 협력업체 상품만 판매하던닷컴이 오픈마켓 업체 출신 인사들을 영입했다는 점에서다.이는 정용진 신세계그룹 부회장의 외부 인재 영입론과도 맞닿아 있다.정 부회장은 지난 4일 온라인 신년사에서사회의 다변화와 영역 간 경쟁이 모호해지는 격변기에는 나와는 다른 생각이 반드시 필요하다 며성장 가능성이 있는 내부 인재는 조직 내에서 적극적으로 중용하고 우리에게 부족한 새로운 전문성을 가진 외부 인재도 받아들이는 다양성을 수용하는 문화를 만들어달라 고 당부했다...네이버에서도 뉴스는구독 클릭팩트체크 재판 진정서 만장 넘어야 효력제보하기 저작권자..무단 전재 재배포 금지,https://news.naver.com/main/read.naver?mode=LSD&mid=sec&sid1=101&oid=001&aid=0012126648,1,0
2021/01/13 00:00:00,연합뉴스,"쿠팡, 택배업 재진출…자회사 쿠팡로지스틱스 운송업 자격 취득",이동하는 쿠팡 배송차량자료사진 서울쿠팡이 택배 운송사업자 자격을 재취득했다.국토교통부는 13일시설 및 장비 기준 충족 택배 운송사업자21개 사를 발표했다.이번에 택배 사업자로 새로 명단에 이름을 올린 곳은 쿠팡로지스틱스와 큐런택배 티피엠코리아 등 3개 사다. 기존 업체는 18개 사다.쿠팡의 물류자회사 쿠팡로지스틱스는 지난해 10월 국토부에 화물차 운송사업자 신청서를 냈다.국토부 심사를 통과함에 따라 쿠팡로지스틱스는 쿠팡의로켓배송물량을 배송할 수 있게 됐다. 다른 업체의 물건을 대신 배송하는3자 배송등의 사업도 가능해졌다.쿠팡로지스틱스는 과거 화물차 운송사업자 자격을 갖고 쿠팡의 로켓배송 물량 일부를 배송해 왔으나 2019년 자격을 반납한 바 있다...네이버에서도 뉴스는구독 클릭팩트체크코로나백신 접종 말라진실은제보하기 저작권자..무단 전재 재배포 금지,https://news.naver.com/main/read.naver?mode=LSD&mid=sec&sid1=101&oid=001&aid=0012138714,1,0
2021/02/22 00:00:00,동아일보,"티몬, 3,050억 원 규모의 유상증자 완료",바야흐로 스타트업 시대입니다. 2010년부터 시작한 국내 스타트업 열풍은 지난 10년 동안 급속도로 성장했습니다. 대한민국은 어느새 유니콘 기업 11개를 배출한 세계 5위 스타트업 강국으로 자리매김했는데요. 쿠팡 우아한형제들 야놀자 블루홀 등 경쟁력을 갖춘 스타트업이 우리 실생활 속으로 파고들었고 지금 이 순간에도 성공을 꿈꾸는 수많은 스타트업이 치열한 경쟁 속에서 도전하고 있습니다. 이에동아는 이러한 국내 스타트업의 현장을주간투자동향 으로 정리해 제공합니다.티몬 3050억 원 규모의 투자 유치티몬은 19일 지난 2020년 하반기부터 추진한 상장전지분투자를 통해 3050억 원 규모의 유상증자를 완료했다.컨소시엄이 국내 기관과 외자유치 등을 통해 2550억 원 규모의 투자금을 확보하고 기존 최대주주인 콜버그크래비스로버츠와 앵커에쿼티파트너스가 500억 원을 추가 출자했다. 투자자들은 교환사채인수 방식으로 증자에 참여했다.티몬의 주력 서비스 타임커머스 출처 티몬지난해 티몬 신규 가입자는 전년 대비 47.8증가했으며 이중 10대 연령 가입은 3배 가까이 늘었다. 또한 티몬의 프리미엄 멤버십 슈퍼세이브 회원은 지난 3분기 기준 전년 동기 대비 5배 매출은 5.5배 늘었으며 건당 구매 금액도 3배 이상 증가했다.티몬은 이번 투자 유치를 마무리함에 따라 주관사인 미래에셋대우와 함께 기업공개를 본격화할 계획이다. 티몬 이진원 대표는 티몬 경쟁력과 성장 가능성을 인정받아 투자유치를 마무리할 수 있었다라고 말했다.카카오모빌리티 2221억 원 규모의 투자 유치카카오모빌리티가 글로벌 투자사 칼라일그룹으로부터 2억 달러한화 약 2221억 원 규모의 투자를 유치했다. 이번 투자 유치는 2017년투자 이후 3년 6개월 만으로 3조 4200억 원포스트머니 기준의 기업가치를 평가받았다. 카카오모빌리티는 이번 투자 유치를 바탕으로 신사업 확대와 기술 투자에 나설 예정이다.카카오모빌리티 로고 출처 카카오모빌리티카카오모빌리티는 택시를 시작으로 자전거 셔틀 시외버스 기차 등 이동을 연결하며 카카오를 2800만 명이 이용하는서비스형 모빌리티 플랫폼으로 진화시켰다. 여기에 내비 주차 대리운전 등 약 2000만 명의 자차 소유 이용자도 확보했다.지난해 카카오모빌리티는 코로나19의 영향에도 불구하고 카카오벤티 카카오블루 등 택시 서비스를 다양화했으며 코엑스 에버랜드 등과 같은 주요 거점의 주차장 운영권을 확보하며 성장했다. 또한 비즈니스 홈을 출시해2사업 확대 기반을 마련했으며 셔틀 시외버스 기차 등 신규 서비스를 선보였다. 2020년 매출은 2019년 대비 약 3배 성장했다.카카오모빌리티 류긍선 대표는 이번 투자를 통해 이동의 불편을 해소해 여유있고 가치있는 일상을 만들어주는 스마트 모빌리티를 실현할 수 있을 것 이라며 스타트업을 포함한 여러 기업과 협업해 국내 모빌리티 생태계와 함께 성장할 수 있는 선순환 구조를 구축해나가겠다 라고 밝혔다.프리윌린 50억 원 규모의 시리즈투자 유치주프리윌린대표 권기성이 알토스벤처스인베스트먼트 등으로부터 총 50억 원 규모의 시리즈투자를 유치했다. 지난 2017년 설립한 프리윌린은 수학 교육 콘텐츠에 인공지능과 머신러닝 등을 접목해 학교와 수학 학원에서 사용하는매쓰플랫 을 서비스하고 있다. 프리윌린은 이번 투자를 통해 영업 마케팅 개발 수학콘텐츠 분야 인재를 채용할 계획이다.매쓰플랫 컨셉 사진 출처 프리윌린매쓰플랫은 수학 선생님을 위한 정기 구독 문제은행 서비스다. 프리윌린측은 사용자 만족도 98.6월별 재구매율 97 의 고객 만족도를 바탕으로 수학 선생님 1인당 평균 30개월 이상 이용 중이라고 전했다.더벤처스 김기사랩 모아이스에 투자더벤처스와 김기사랩이 공동으로 골프픽스를 서비스하고 있는 모아이스에 투자했다. 골프픽스는골프 스윙 코칭 서비스이자 온라인 레슨 플랫폼이다.기반 빅데이터 분석을 통해 고객 맞춤 선생님 추천 스윙 교정레슨연습 가이드 기능 등을 제공한다.골프픽스 서비스 사진 출처 모아이스모아이스측은기술력을 통해 분석 오류가 자주 발생하는 모션 블러와 꼬임이 심한 골프 자세를 보다 정확하게 자세 추정할 수 있다고 전했다. 국내에서 여러 골프 전문가와 골프 클럽 추천 피팅 알고리즘 등을 공동 개발했으며 사용자에 맞는 골프 클럽을 매칭해준다.모아이스 이용근 대표는 이번 투자 유치를 통해 기술 고도화에 주력할 예정 이라며사용자별 개선점을 찾아 실력을 향상할 수 있는 사용자 맞춤형코치를 발전 시켜 나갈 것 이라고 말했다.퓨처플레이 브이젠과 애드에 비공개 투자 진행퓨처플레이가 분산자원 기반 가상발전소 솔루션 기업 브이젠대표 백승엽과모빌리티 광고 플랫폼 전문 기업애드대표 안상현에 투자를 진행했다.2017년 창업한 브이젠은 인공지능 기술 적용 가상발전소이하운영 소프트웨어솔루션을 개발한 기업이다.는 태양광 풍력 등 소규모 신재생에너지 분산 전원을 클라우드 기반 인공지능을 이용해 하나의 발전소처럼 통합 관리하는 가상 발전소 시스템을 말한다.를 이용하면 분산 발전소를 하나의 가상발전소에 연결해 분산 에너지 데이터를 수집 및 분석할 수 있다. 이를 통해 전력 수급과 공급 변수를 예측해 에너지를 공급한다.브이젠 플랫폼을 적용한가상발전소 플랫폼 비즈니스센터와 영농형태양광 운영지원센터 전경 출처 브이젠브이젠은 지난 2021년 2월 17일 한국남동발전이 보유하고 있는 신재생발전소태양광 풍력연료전지 소수력 등 총 58개 발전소 총198용량 규모를 통합 관제하는 가상발전소 솔루션 공급계약을 체결했다.2019년 9월 설립한애드는22크라우드 소싱 광고 플랫폼 스타트업으로모빌리티 광고 플랫폼 달고를 운영 중이다. 달고는 기존 오프라인 광고 유통 구조와 광고 효과 분석 매체 부족 등을 개선하는 것이 목표다. 달고가 제공하는 광고 스티커 부착 차량은 속도 시간대 위치 주행시간 및 거리 등을 측정해 리워드를 제공한다.달고스택틱 광고 차량 부착 이미지 출처애드 애드는 달고 외에 이동매체 주행 패턴 분류 엔진 이동매체 광고 매칭 엔진 광고 효과 분석 엔진 등 모빌리티2광고 매칭 플랫폼을 개발 중이며 관련 특허 2개를 보유하고 있다.투자 금액은 비공개다.동아닷컴전문.네이버에서채널 구독하기영원한 이별 앞에서 환생의 문을 열다멀티미디어 스토리텔링동아일보.,https://news.naver.com/main/read.naver?mode=LSD&mid=sec&sid1=105&oid=020&aid=0003340116,1,0
2021/02/26 00:00:00,연합뉴스,"""초봉 6천, 이직 보너스 1억""…변호사보다 개발자가 잘나간다",기업 스타트업에 유통 게임사까지 영입전 가세 연봉 보너스 경쟁 인재 수급 없으니 기업끼리 출혈 경쟁 중소벤처 새우 등 터져 공개채용김민아 제작일러스트서울국내게임업계의 개발자 영입 경쟁이 본격적으로 불붙은 모양새다.네이버 카카오의 채용 경쟁에 당근마켓 토스 등 신흥 스타트업이 가세하더니 최근에는 넥슨 크래프톤 등 게임사에 부동산 정보업체 직방까지 뛰어들었다.업계에서는 정부와 대학이 인재 양성에 실패한 탓에 기업끼리출혈 경쟁 을 벌인다는 우려가 나온다.네카라쿠배 당토 가 경쟁 촉발 사내 헤드헌터 두는 곳도 늘어나26일업계에 따르면 개발자 인력난은 국내분야에서 낯선 일은 아니다.2000년대 중반 네이버와 다음카카오가 커지면서 삼성등 기존 대기업 인력을 영입하기 시작한 후로국내인재 풀이 너무 작다 는 얘기는 꾸준히 나왔다.그런데 최근 몇 년 사이네카라쿠배 당토 네이버 카카오 라인 쿠팡 배달의민족 당근마켓 토스라는 취업 관련 신조어가 생길 정도로 주요기업의 채용이 활발해졌다.특히 채용 담당자들은최근의 인재 영입 대란은 토스가 쏘아 올린 작은 공 이라고 말한다.토스는 임직원 수가 2016년 67명이었는데 2017년 118명 2019년 380명 2020년 780명 올해 초 850명 수준으로 늘어났다.토스는 올해 상반기에 직원 1천명을 채우겠다고 발표하고 지금도 신규 채용을 계속하고 있다. 4년여 만에 직원 규모가 약 15배 늘어나는 것이다.토스는 경력자를 채용하면 기존 직장 연봉에서 최대 50 를 인상해주고 토스 스톡옵션을 1억원 상당 안겨준다.스타트업 쪽에서토스가 경력 공채 기준을 너무 상향 평준화시켰다 는 볼멘소리가 나오는 이유다.최근에는 당근마켓도개발자 최저 연봉 5천만원 을 내걸고최고의 보상을 하겠다 며 개발자를 뽑고 있다. 당근마켓 역시 스톡옵션을 주는 것으로 알려졌다.이날 부동산 정보 앱 직방도개발자 초봉 6천만원 경력 사이닝 보너스 최대 1억원기존 직장 1년치 연봉 을 선언하며 개발자 영입전에 뛰어들었다.한 스타트업 관계자는이제 직방까지 더해네카라쿠배 당토직 이라고 하거나야놀자 까지 합쳐네카라쿠배 당토직야 라고 해야 할 것 같다 며실력 있는 개발자가 변호사보다 더 좋은 대접을 받는 세상 이라고 말했다.한 업계 관계자는영입 경쟁이 치열해지면서 사내에 직속 헤드헌터를 두는 게 최근 스타트업 트렌드 라며다단계나 보험업계처럼 타사 인재를 경력직으로 추천해 영입이 성사되면 추천한 사람에게 보너스를 주는 곳도 있다 고 귀띔했다.시계방향으로 네이버 카카오 토스 쿠팡 채용 사이트 캡처온라인 캡처. 재판매 및금지쿠팡 빅히트가 판 키워 현금 쌓은 게임사들 줄줄이 연봉 인상개발자 확보 경쟁에 불씨를 지핀 곳이 토스 같은 규모 있는 스타트업이었다면 불씨에 기름을 부은 곳은 원래라면 비로 분류됐을 기업들이다.대표적인 곳은 쿠팡이다. 유통업체인 쿠팡은 인공지능등으로 서비스를 고도화하기 위해 공격적으로 개발자를 영입하는 중이다.업계에 따르면 쿠팡은 지난해 하반기에 뽑은 2년차 경력 개발자 연봉을 6천만원대로 책정했다.경력 개발자 200여명을 공채하면서합격 시 최소 5천만원의 입사 축하금을 주겠다 고 공표하기도 했다.쿠팡의 행보에닷컴 이베이코리아 11번가 등 다른 전자상거래 업체도 개발자 처우를 개선하며 인재 영입에 나섰다.방탄소년단기획사인 엔터테인먼트기업 빅히트의인력 대거 영입도 개발자 수요 공급에 큰 파장을 미쳤다.최근 1년 사이에 네이버 카카오 등 국내 주요기업에서 빅히트로 책상을 옮긴 직원만 100여명에 달하는 것으로 알려졌다.지난해코로나19 수혜 로 현금을 두둑이 챙긴 게임 기업들도 연봉 인상을 발표하고 나섰다.넥슨이 이달 1일 먼저개발자 신입 초봉을 5천만원으로 상향한다 고 발표했다.아흐레 뒤 넷마블도 같은 내용을 발표했다. 넥슨 넷마블은 재직 중인 직원 연봉도 800만원 인상하기로 했다.그러자배틀그라운드제작사인 크래프톤이 25일개발자 초봉 6천만원 을 전격으로 발표했다. 크래프톤은 재직 중인 개발자 연봉은 2천만원씩 인상하기로 했다.게임 업체가 모여 있는 판교 테크노밸리자료사진인재 수급 없으니 출혈 경쟁 스타트업은 고래 싸움에 새우 등 터져이처럼 개발자 영입이 어느 때보다 치열하지만 업계 관계자들에게 이유를 물으면 역설적이게도실력 있는 개발자가 없어서 라고 입을 모은다.국내 대학 등 교육 기관에서 우수 개발자 양성 수급이 이뤄지지 않다 보니 다른 회사 경력직 빼 오기에 치중하며 연봉 경쟁을 벌이게 된다는 것이다.한기업 채용 담당자는개발자는 많다. 최근 개발자 부트캠프도 늘어나 전공자가 아니어도 개발자가 된다 며그러나 실력 있는 개발자는 많지 않고 조금이라도 능력을 보이면 토스 쿠팡 같은 곳이 공격적으로 쓸어간다 고 털어놨다.그는대학 컴퓨터공학과가 기업 현장에 맞게 커리큘럼을 짠 곳이 별로 없다. 개발자의 기본인 논리적 사고조차 배우지 못하고 취업한다 며신입을 뽑으면 피팅 기간을 3개월 이상 두면서 교육해야 하니까 당연히 경력에 눈을 돌리게 된다 고 지적했다.배달의민족 운영사 우아한형제들처럼 기업이 개발 인재 양성에 나선 경우도 있다. 배민의우아한테크코스 는 2019년 시작했는데 1기 교육 수료생 45명 중 23명이 우아한형제들에 입사했고 15명이 네이버 카카오에 입사했다.한 스타트업 관계자는대학교수들이 개발 현장을 잘 모른다. 국내기업 발전 속도에 맞는 우수 인재를 우리 대학이 못 길러내고 있다 며그런데 이민법 장벽도 높아서 해외 인재 영입도 어렵다 고 꼬집었다.개발자 10명 내외로 시작하는 초기 스타트업 쪽에서는 본격화한 개발자 영입 경쟁에고래 싸움에 새우 등 터진다 는 푸념이 커지고 있다.한 벤처 투자사 관계자는개발자들이 갑자기짠 하고 하늘에서 떨어지면 좋겠다 며정부 차원의 인재 수급 방안이 시급하다 고 쓴웃음을 지었다.초기 스타트업은 소셜미디어소셜네트워크서비스 등으로 자구책을 찾는 중이다. 비즈메신저채널톡 을 운영하는 채널코퍼레이션은 매월 유튜브 라이브로 채용 설명회를 연다. 최근 오디오 소셜네트워크서비스클럽하우스 로도 회사를 알리고 채용 계획을 소개했다.아예 대학에 가서 자신들을 알리는 스타트업도 늘고 있다. 스타트업 육성 기업 퓨처플레이는 서울로보틱스 모션투에이아이 등과 함께 3월 12일 서울대학교 학생을 대상으로 테크 스타트업 창업 취업 노하우를 소개한다. ..네이버에서도 뉴스는구독 클릭팩트체크 각국 정상들이 백신 접종1호제보하기 저작권자..무단 전재 재배포 금지,https://news.naver.com/main/read.naver?mode=LSD&mid=sec&sid1=105&oid=001&aid=0012227850,1,0
2021/03/17 00:00:00,동아일보,‘反쿠팡’ 신세계-네이버… 2500억 규모 지분 교환,신세계그룹과 네이버가 2500억 원 규모의 지분을 맞교환하면서 협력 관계를 공식화했다. 쿠팡의 뉴욕증권거래소상장 직후 온 오프라인 강자들 간의 연합이 이뤄진 셈이다. 신세계그룹과 네이버는 16일 서울 강남구메리어트 호텔에서 커머스 물류 멤버십 등에서 협력을 강화하는 내용의 사업 협약을 체결했다. 이 협약에는 강희석 이마트 대표 차정호 신세계백화점 대표 한성숙 네이버 대표 최인혁 네이버파이낸셜 대표 등이 참석했다. 두 회사의 협력 강화를 위해 이마트는 1500억 원 신세계인터내셔날은 1000억 원 규모로 네이버와 상호 지분을 교환한다. 이로써 네이버는 신세계그룹의 신선식품과 럭셔리 패션 상품을 확보할 수 있게 됐다. 신세계그룹은 네이버의 플랫폼 등을 활용해닷컴의 인지도를 높이려 할 것으로 보인다. 신세계그룹과 네이버의 이용자 수는 각각 2000만 명 5400만 명에 이른다. 아울러 네이버는 신세계그룹의 오프라인 점포망 7300곳을 활용할 수 있게 됐고 신세계그룹은 지난해 네이버가 제휴한대한통운과 협업할 여지가 생겼다. 유통업계 관계자는 쿠팡 상장을 계기로 두 기업이 제휴에 속도를 낸 것으로 보인다고 말했다..네이버에서채널 구독하기영원한 이별 앞에서 환생의 문을 열다멀티미디어 스토리텔링동아일보.,https://news.naver.com/main/read.naver?mode=LSD&mid=sec&sid1=101&oid=020&aid=0003344904,1,0
2021/04/02 00:00:00,연합뉴스,"쿠팡, '로켓배송 상품' 무조건 무료배송…네이버 견제 하나",멤버십 없어도 1개만 사도 배송비0원행사 종료 시점은 안 정해쿠팡로켓배송무료배송 캠페인 쿠팡 제공 재판매 및금지서울쿠팡은 2일부터 로켓배송 상품에 대해 주문 개수와 가격에 관계 없이 무조건 무료로 배송하는 행사를 시작한다고 밝혔다.월 2천900원을 내는 멤버십인로켓와우회원이 아니더라도 누구나 로켓배송익일 배송 상품을 배송비 없이 주문할 수 있다.쿠팡은 고객 88 가 구매 확정 전 배송비를 확인하는 등 배송비에 민감하다고 답했고 76 가 배송비 때문에 구매를 망설인 적이 있다는 자체 설문 조사 결과도 소개했다.무료 배송은 별도 신청 없이 로켓배송 로켓와우 로켓직구 표시가 붙은 모든 상품에 적용된다.쿠팡은 행사 종료 시점에 대해한정기간이라고만 밝히면서 대상 고객과 기간은 예고 없이 변경될 수 있다고 공지했다.이번 행사는로켓와우회원을 늘리기 위한 것으로 보인다.기존에는 일반 고객은 로켓배송 상품을 1만9천800원 이상 구매해야 무료 배송을 받을 수 있지만 로켓와우 회원은 로켓배송 상품을 주문액과 상관없이 1개만 주문해도 배송비를 내지 않는다.쿠팡이 미국 증시 상장을 준비하며 공개한 자료에 따르면 로켓와우 가입자는 지난해 4분기 활성 고객의 32 를 차지했고 이들의 구매 빈도는 일반 가입자의 4배 이상이다.이처럼 로켓와우의고객 묶어두기 록 인효과가 큰 만큼 무료 배송 경험을 제공해 로켓와우 회원으로 유인하기 위한 전략으로 해석된다.이를 놓고 이커머스 서비스를 강화하는 네이버를 견제하기 위한 것이라는 관측도 나온다.한성숙 네이버 대표는 최근 주주들에게 보낸 서한에서 네이버 장보기에서 신세계 이마트 상품 당일배송 익일배송을 도입하고 멤버십을 활용한 무료배송 혜택을 주는 방안을 검토하고 있다고 밝혔다.쿠팡은 가수비 를 모델로 선정해 광고 영상도 제작했다. 비는 2011년 지금의 아내인 김태희와 함께 쿠팡 광고를 찍은 데 이어 10년 만에 다시 쿠팡 모델로 나섰다...네이버에서도 뉴스는구독 클릭팩트체크서울 소상공인 평균 월세 얼마제보하기 저작권자..무단 전재 재배포 금지,https://news.naver.com/main/read.naver?mode=LSD&mid=sec&sid1=101&oid=001&aid=0012303899,1,0
2021/04/08 00:00:00,연합뉴스,"이마트, 최저가격 보상제…""쿠팡보다 비싸면 차액 적립""",이마트 최저가격 보상 적립제 이마트 제공. 재판매 및금지서울이마트는 8일 이마트 애플리케이션앱을 전면 개편하고 최저가격 보상 적립제를 실시한다고 밝혔다.최저가격 보상 적립제는 이마트 상품의 가격을 다른 유통업체에서 판매하는 동일 상품과 동일 용량으로 비교해 더 저렴한 상품이 있으면 차액을머니로 적립해 주는 것이다.머니는 이마트 앱 전용 쇼핑 포인트로 이마트 오프라인 매장에서 현금처럼 사용할 수 있다.비교 대상은 쿠팡의 로켓배송 상품 롯데마트몰과 홈플러스몰의 점포배송 상품이다. 구체적으로 신라면햇반 서울우유 코카콜라 등 가공 생활용품 가운데 매출 상위 상품 500개다.가격은 이마트 앱이 구매 당일 오전 9시 낮 12시 기준 상품 바코드를 통해 자동으로 비교하고 차액은 최저 가격을 기준으로 계산된다.예컨대 이마트에서 1천500원에 구매한 상품이 쿠팡에서 1천원 롯데마트몰에서 1천100원 홈플러스몰에서 1천200원인 경우 최저가격 1천원을 기준으로 차액인 500원을머니로 돌려준다.차액 보상을 원하는 경우 이마트 앱 왼쪽 아래에 있는영수증메뉴를 누르고 구매 영수증 목록의가격 보상 신청 을 누르면 된다.구매일 기준 다음날 오전 9시부터 7일 이내에 신청해야 하고 구매일 기준 1일 최대 3천 점까지 적립할 수 있다. 사용 기한은 30일이다.가격 보상 대상 상품 목록은 이마트 앱에서 확인할 수 있고 오프라인 매장에서는 대상 상품에 별도 안내문을 게시한다.이마트 관계자는고객이 하나하나 가격을 비교하는 수고를 하지 않더라도 합리적인 쇼핑으로 만족감을 얻을 수 있도록 하기 위한 것 이라고 말했다.최저가격 보상 적립제 이용 방법 이마트 제공. 재판매 및금지..네이버에서도 뉴스는구독 클릭팩트체크박영선 오세훈토론 말말말 제보하기 저작권자..무단 전재 재배포 금지,https://news.naver.com/main/read.naver?mode=LSD&mid=sec&sid1=101&oid=001&aid=0012314757,1,0
2021/04/14 00:00:00,연합뉴스,"쿠팡, 쿠팡이츠 분리 '쿠팡이츠서비스' 출범…장기환 대표 선임",장기환 쿠팡이츠 신임대표 쿠팡 제공. 재판매 및금지서울쿠팡은 음식 배달 서비스쿠팡이츠 를 분리해 자회사쿠팡이츠서비스 를 출범한다고 14일 밝혔다.쿠팡이 지분 100 를 소유한 쿠팡이츠서비스는 쿠팡이츠 고객과 상점주 배달 파트너 지원 및 배달 파트너 운영을 위한 서비스팀 관리를 맡는다.전국적으로 쿠팡이츠 수요가 늘어나자 전문적으로 대응하기 위한 별도의 조직이 필요하다고 판단한 것이다.쿠팡 측은 자회사 출범으로 모든 이용자의 문의 사항에 실시간으로 응대하는 시스템을 통해 더욱 강화된 서비스와 지원을 제공할 수 있을 것으로 내다봤다.특히 배달 파트너들이 유연하게 근무하고 자신의 스케줄을 조정할 수 있을 것으로 기대된다는 게 쿠팡 측 설명이다.쿠팡이츠서비스 신임 대표로는 장기환 씨가 선임됐다. 장 대표는 2019년 쿠팡에 합류해 쿠팡이츠 초기 서비스에 참여했으며 빠른 배달 서비스인치타배달기획 및 확장을 이끌었다.장 신임 대표는쿠팡의 최신 기술을 적용해 고객들에게는 뛰어난 배달 서비스를 점주에게는 매출 증대의 기회를 배달 파트너에게는 안전한 배달을 제공하는 것이 목표 라고 밝혔다.쿠팡이츠는 배달 서비스 시장 후발 주자이나 배달원 1명이 주문 1건을 처리하는단건 배달서비스를 앞세워 시장 점유율을 빠른 속도로 높여가고 있다...네이버에서도 뉴스는구독 클릭팩트체크오염수 우리바다 유입 가능성은 제보하기 저작권자..무단 전재 재배포 금지,https://news.naver.com/main/read.naver?mode=LSD&mid=sec&sid1=101&oid=001&aid=0012327605,1,0
2021/05/04 00:00:00,경향신문,"“쿠팡 아이템위너, 출혈경쟁 강요하고 소비자에 왜곡된 정보 전달”",시민단체 공정위 신고쿠팡 상품평만 공유해 문제없다 경향신문민주사회를위한변호사모임 민생경제위원회 등이 4일 서울 종로구 참여회견을 열고 가장 저렴하고 평이 좋은 제품만 온라인상에서 노출하는 쿠팡의 아이템위너 제도를 공정거래위원회에 신고하겠다고 밝혔다.시민단체들이 가장 저렴하고 평이 좋은 제품만 온라인상에서 노출시키는 쿠팡의 아이템위너 제도가 판매자의 출혈 경쟁을 강요하고 소비자에게 왜곡된 정보를 제공해 위법 소지가 있다며 공정거래위원회에 신고했다.참여연대 민주사회를위한변호사모임 민생경제위원회 전국가맹점주협의회 등은 4일 참여회견을 열고 쿠팡의 대표 판매자 선정 방식인 아이템위너 제도가 판매자들의 상표 이미지 등 저작권과 업무상 노하우를 빼앗고 소비자에게는 상품 이미지 고객 후기나 질의응답이 다른 판매자들의 것일 수 있다는 사실을 은폐 축소해 오인 가능성을 높인다고 밝혔다. 단체들은 이 제도가 공정거래법 전자상거래법 약관규제법 위반 소지가 있다고 주장했다.아이템위너는 쿠팡에서 특정 상품을 검색하면 가장 저렴하고 평이 좋은 물건을 판 판매자를 단독으로 노출하는 제도다. 가령 삼성전자 냉장고 특정 모델을 검색하면 해당 상품을 거래하는 판매자들 가운데 최저가를 내건 특정 판매자의 상품만 뜬다. 문제는 같은 모델을 다른 판매자들로부터 구매한 뒤 남긴 상품평과 질의응답이 전부 따라붙는다는 점이다. 참여연대는 1원이라도 더 싸게 팔면 아이템위너가 교체되는데 이전 아이템위너의 상품 이미지는 물론 후기 별점과 해당 판매자가 응답한 고객 문의까지 다음 아이템위너가 가져가 몰아주기 현상이 일어난다고 주장했다.권호현 참여연대 경제금융센터 변호사는 쿠팡이 약관을 통해 상품 이미지 사진 고객 후기 등에 대한 판매자의 권한을 영구적으로 쿠팡에 귀속시키고 판매자들에게 아무런 대가를 제공하지 않는 행위는 공정거래법상 불이익 제공 혹은 이익제공 강요 행위에 해당할 수 있다고 말했다. 김주호 참여연대 사회경제1팀장은 소비자 입장에서도 상품 이미지 소비자 평점과 댓글 판매자의 질의응답을 종합 판단해 구매하는데 쿠팡은 정보를 왜곡해 전달한 것이라고 말했다.쿠팡은 아이템위너가 공유하는 것은 특정 상품에 대한 상품평이며 특정 판매자에 대한 셀러평은 다른 판매자에게 이전되지 않는다며 상품 이미지 공유 역시 판매자들의 명시적 동의하에 이뤄진 만큼 저작권 침해로 볼 수 없다고 반박했다. 5.인터랙티브김진숙을 만나다경향신문 바로가기경향신문 구독신청하기 경향신문..,https://news.naver.com/main/read.naver?mode=LSD&mid=sec&sid1=102&oid=032&aid=0003072578,1,0
2021/06/19 00:00:00,연합뉴스,48시간만에 끝내 시신으로…화재현장서 실종 소방관 유해 발견,이천최종호국내 대표 전자상거래 업체인 쿠팡의 경기도 이천 덕평물류센터에서 지난 17일 불이 났을 때 건물 내부에 진입했다가 미처 빠져나오지 못한 소방관이 화재 발생 사흘째인 19일 끝내 숨진 채 발견됐다.쿠팡화재현장 실종 소방관 숨진 채 발견이천19일 오후 경기도 이천시 마장면 쿠팡 덕평물류센터 화재 현장에서 지난 17일 건물 내부에 진입했다가 미처 빠져나오지 못해 48시간 만에 숨진 채 발견된 경기 광주소방서 119구조대 김동식 구조대장을 이송하는 구급차가 현장을 떠나고 있다. 2021.6.19 ..소방당국은 이날 낮 12시 10분께 경기 광주소방서 119구조대 김동식 구조대장52으로 추정되는 시신 1구의 유해를 물류센터 건물 지하 2층에서 발견했다.화재 직후 경찰과 소방에 의해 이뤄진 물류센터 직원 전수조사 결과 등에 따르면 이번 화재로 실종된 인원은 김 대장 1명뿐이다.김 대장은 불이 난지 6시간 만인 17일 오전 11시 20분께 화염의 기세가 다소 누그러지자 동료 4명과 함께 인명 검색을 하려고 지하 2층에 진입했다가 홀로 고립 실종됐다.당시 김 대장 등이 지하 2층에 들어선 지 얼마 지나지 않아 창고에 쌓인 가연물을 비롯한 각종 적재물이 무너져 내리며 불길이 세졌고 11시 40분께 즉시 탈출을 시도했으나 동료들과 달리 김 대장은 건물 밖으로 나오지 못했다.즉시 김 대장 구조작업이 이뤄졌지만 건물 곳곳에 쌓인 가연물질 탓에 점차 불길이 거세지며 건물 전체로 불이 확대해 구조작업은 얼마 안 가 같은 날 오후 1시 5분께 중단됐다.이후 이날 오전 진행된 건물에 대한 안전진단에서구조대 투입해도 이상 없다 는 결과가 나와 구조작업은 곧바로 재개됐고 가족과 동료 시민 등 많은 이들의 바람에도 이날 김 대장은 건물에 홀로 남은 지 48시간 만에 끝내 시신으로 돌아왔다...네이버에서도 뉴스는구독 클릭팩트체크 항생제 부작용 겪었어도 백신 접종제보하기 저작권자..무단 전재 재배포 금지,https://news.naver.com/main/read.naver?mode=LSD&mid=sec&sid1=102&oid=001&aid=0012470690,1,0
2021/06/20 00:00:00,동아일보,‘불매-탈퇴’ 움직임에…쿠팡 “故김동식 소방대장 유족 평생 지원”,20일 경기 하남 마루공원 장례식장에 마련된 고 김동식 구조대장의 빈소에 소방대원들이 조문을 하고있다.쿠팡이 경기 이천시 덕평물류센터 화재 현장에서 순직한 고김동식 소방령의 유가족을 평생 지원하겠다고 밝혔다.쿠팡은 20일 강한승 대표이사 명의의 입장문을 통해 화재 진압 과정에서 고귀한 생명을 잃은 고김동식 소방령님의 숭고한 헌신에 모든 쿠팡 구성원의 마음을 담아 다시 한번 깊은 애도를 표한다며 이 같이 밝혔다. 이어 평생 유가족을 지원할 수 있는 구체적인 방안을 마련하겠다며 마지막까지 구조대장으로 소임을 다하고 헌신한 고인의 숭고한 뜻을 기릴 수 있도록 순직 소방관 자녀들을 위한 김동식 소방령 장학기금을 만드는 방안을 만들겠다고 했다.화재로 일터를 잃은 1700명의 상시직 직원에게 정상적으로 급여를 지급하고 단기직을 포함한 모든 직원이 희망하는 다른 사업장에서 일할 수 있는 전환배치를 지원하기로 했다. 앞서 18일 김범석 창업주와 강 대표이사는 김 소방령의 빈소를 조문했다.아울러 쿠팡은 이번 화재를 통해 안전을 위한 노력은 끝이 없다는 것을 절감했다며 화재 예방을 위해 쿠팡의 모든 물류센터와 사업장을 특별 점검하겠다고 밝혔다.온라인을 중심으로 일부 소비자들 사이에선 회원 탈퇴와 불매 움직임이 일고 있다. 19일 소셜네트워크서비스소셜네트워크서비스인 트위터에선 쿠팡 탈퇴가 실시간 트렌드 1위에 올랐고 20일에도 쿠팡 불매 등의 해시태그 를 붙인 글이 잇따라 게재됐다. 또 이천 화재 발생 당일인 17일 쿠팡이 김범석 창업자가 이사회 의장과 등기이사직에서 물러난다고 발표한 것도 논란이 되고 있다. 이에 쿠팡은 김 창업주는 지난달 31일에 이미 사퇴를 결정했다며 이달 14일 등기부등본에 이미 반영됐다고 해명했다..코로나 고별1화 사라진 어머니코로나 고별2화 멀어진 아버지네이버에서채널 구독하기 동아일보.,https://news.naver.com/main/read.naver?mode=LSD&mid=sec&sid1=102&oid=020&aid=0003365006,1,0
2021/06/21 00:00:00,연합뉴스,"송영길 ""광주 붕괴참사 진상 신속히 밝히고 책임자 엄중 처벌""",서울 광주강병철더불어민주당 송영길 대표는 21일 광주 철거건물 붕괴 참사 사건과 관련당정은 사고 진상을 신속하고 철저하게 밝히고 책임자를 엄중 처벌하겠다 고 밝혔다.송 대표는 광주광역시 서구 광주시청에서 열린 예산정책협의회에서행정관청의 잘잘못도 분명하게 가릴 것이다. 불법 하도급 등의 구조적 문제도 반드시 바로잡겠다 면서 이같이 밝혔다.그는일반도로 상에 저 정도의 큰 규모의 철거 현장을 방치해서는 안 될 텐데 하필 버스정류장 앞에 저런 것을 방치해 이런 엄청난 사고가 나게 된 것이 너무나 안타깝다 고 말했다.이어 이른바 자신의액셀발언과 관련오늘 전남대병원에 사고 버스 기사 기사님의 사모님과 따님 관계자를 만나고 위로를 드렸다 면서잘 치료되도록 적극적으로 뒷받침하겠다 고 말했다.이 밖에 그는 쿠팡 물류센터 화재 현장에서 순직한 김동식 구조대장의 영결식이 이날 엄수되는 것과 관련빈번하게 발생하는 물류센터 화재 문제를 점검하기 위해 소방관 출신인 오영환 의원 주재로 국회 입법 공청회를 열고 물류센터의 취약한 구조 문제에 대한 해결 방안을 찾겠다 고 말했다.광주 예산정책협의회 인사말 하는 민주당 송영길 대표광주21일 오전 광주 서구 광주시청 중회의실에서 열린 더불어민주당 지도부와 광주시 간 예산정책협의회에서 민주당 송영길 대표가 인사말을 하고 있다. 2021.6.21....네이버에서도 뉴스는구독 클릭팩트체크 항생제 부작용 겪었어도 백신 접종제보하기 저작권자..무단 전재 재배포 금지,https://news.naver.com/main/read.naver?mode=LSD&mid=sec&sid1=100&oid=001&aid=0012473175,1,0
2021/06/24 00:00:00,경향신문,"이마트, 3조4404억원에 이베이코리아 최종 인수자 확정",신세계 단숨에 이커머스 시장 2위 이마트 내 온라인 비중 절반으로얼마짜리 만들 수 있느냐로 결정 정용진 부회장 자신감 내비쳐 경향신문신세계그룹의 이마트가 이베이코리아의 최종 인수자로 확정됐다. 이로써닷컴을 운영하는 신세계는 쿠팡을 제치고 국내 이커머스 업계에서 2위로 올라서게 됐다.이마트는 24일 미국 이베이 본사와 이베이코리아 지분 80.01 를 3조4404억원에 인수하기 위한 지분 양수도 계약을 체결할 예정이라고 공시했다. 정용진 신세계 부회장사진은 얼마가 아니라 얼마짜리로 만들 수 있느냐가 의사 결정의 기준이라고 이번 인수 배경을 설명했다.이날 신세계는 이베이코리아 인수가 사업 구조를 온라인 디지털로 180도 전환하기 위한 시작점이 될 것이라고 선언했다. 이베이코리아 인수 후 이마트 부문 내 온라인 비중은 약 50 에 이르게 된다. 강희석 이마트 대표는 이베이코리아 인수는 온라인이 아니라 유통판 전체를 재편하는 계기가 될 것이라고 말했다.이베이코리아의 국내 이커머스 시장 점유율은 12정도로 네이버18쿠팡13 에 이어 3위다. 신세계의 통합 온라인몰인닷컴의 점유율은 3수준으로 이베이코리아와 합산하면 15 로 쿠팡을 뛰어넘게 된다. 신세계의 유통 맞수 롯데그룹의 통합 온라인몰인 롯데온의 점유율은 5수준이다.신세계는 그동안 쌓아온 물류 역량을 이베이코리아닷컴과 결합시켜 시너지를 극대화한다는 구상이다. 앞으로 4년간 1조원 이상을 온라인 풀필먼트 센터에 집중 투자하고 신세계의 오프라인 거점을 온라인 물류 전진기지로 활용할 방침이다.아울러 신세계는 최근 정보기술인력 확보 경쟁이 치열한 가운데 이베이코리아의 숙련된전문가까지 확보함으로써 온라인 사업 규모와 성장 속도를 가속화시킬 수 있게 됐다. 신세계 관계자는 충성도 높은 이베이코리아의 270만 유료 고객과 국내 최대 규모 수준의 셀러입점 판매업체를 얻게 돼 규모의 경제를 실현하고 극강의 온라인 기업으로 완벽히 탈바꿈할 것이라고 말했다.,https://news.naver.com/main/read.naver?mode=LSD&mid=sec&sid1=101&oid=032&aid=0003081779,1,0
2021/06/28 00:00:00,연합뉴스,"""'새우튀김 갑질' 쿠팡이츠 불공정 약관 심사 청구""",배달앱 리뷰 별점 제도 개선하라자료사진서울중소상인과 시민단체들은 28일새우튀김 갑질 사태 를 낳은 원인이 쿠팡이츠와 판매자 간 약관에 있다며 공정거래위원회에 불공정약관 심사를 청구한다고 밝혔다.전국가맹점주협의회와 경제민주화실현전국네트워크 참여연대 민생희망본부 등은 이날 서울 종로구 참여회견을 열고공정위는 조속하고 엄정한 심사로 쿠팡이츠 판매자용 약관의 불공정 조항을 시정하게 해야 한다 고 촉구했다.이들에 따르면 쿠팡이츠 판매자용 약관 8조는판매자의 상품이나 고객서비스 품질에 대한 고객의 평가가 현저히 낮다고 회사쿠팡이츠가 판단하는 경우거래한 고객으로부터 민원이 빈발해 판매자로 부적당하다고 인정되는 경우등에 쿠팡이츠가 주의 경고 광고중단 계약해지 등의 조치를 할 수 있다고 규정돼 있다.박승미 전국가맹점주협의회 정책위원은점주들이내가 이런 사유로 해지당하겠구나이용제한을 당하겠구나하는 예상이 가능하게 구체적이어야 하는데 쿠팡이츠 약관은 예상할 수 없게 규정돼 있고 구체적이지 않다 고 지적했다.또한 약관 9조 등에 대해서도 시민단체들은시정기회 부여 절차 없이 계약을 해지할 수 있도록 규정해 판매자가 이의를 제기하거나 소명할 기회를 원천 차단하고 있다 고 비판했다.김은정 참여연대 민생희망본부 간사는같은 배달앱인 배달의 민족은 7일 이상의 기간을 정해 위반 사항을 시정하도록 독촉하는 통지를 한 뒤에 시정하지 않으면 이용계약을 해지할 수 있도록 하고 있다 고 말했다.이들은개인적 취향과 입맛 찌그러진 용기 등을 이유로 한 부당한 환불 요구리뷰 별점을 대가로 과도한 서비스나 심부름 요구악성 댓글과 협박조작 리뷰로 환불 요구 등 소비자 리뷰와 별점평가 제도의 피해 사례도 공개했다.한 소비자는 점주에게코로나 확진자인데 요구를 들어주지 않으면 매장에 침을 뱉겠다 고 협박하기도 한 것으로 전해졌다.단체들은 쿠팡이츠 측에 상생 협의를 위한 면담요청서도 제출하기로 했다...,https://news.naver.com/main/read.naver?mode=LSD&mid=sec&sid1=102&oid=001&aid=0012488219,1,0
2021/07/21 00:00:00,연합뉴스,"공정위, 쿠팡의 광범위한 면책조항 시정",세종황윤환 공정거래위원회 약관심사과장이 21일 오전 세종시 정부세종청사에서 주식회사 쿠팡의 이용약관 상 불공정약관조항 시정과 관련해 브리핑하고 있다. 2021.7.21..,https://news.naver.com/main/read.naver?mode=LSD&mid=sec&sid1=102&oid=001&aid=0012539684,1,0
2021/07/26 00:00:00,경향신문,"에어컨 없는 ‘찜통’ 물류센터, 쿠팡 노동자들 “휴식이라도…”",경향신문땀으로 옷이 젖은 물류센터 노동자. 공공운수노조 제공폭염 대책 요구 1인 시위200여명 사용하는 휴게실선풍기 5대뿐 30도 넘어사측 다양한 대책 검토계속되는 폭염에 쿠팡 물류센터 노동자들이 1인 시위에 나섰다. 회사에 혹서기 폭염 대책을 요구하는 것이다. 26일 공공운수노조 물류센터지부에 따르면 쿠팡지회 노동자들이 메가센터로 불리는 고양 동탄 인천센터 앞에서 폭염 대책 수립을 촉구하며 지난 23일부터 1인 시위에 들어갔다. 지부에 따르면 코로나19로 물량은 늘고 있는 가운데 노동자들은 에어컨 없는 물류센터 안에서 일하고 있다. 지부는 선풍기가 있지만 더운 열기만 전해져 역부족이고 덕평물류센터 화재 이후 멀티탭을 줄여 선풍기조차 사용하지 못하는 경우도 있다며 냉장 냉동센터가 아닌 대부분의 물류센터는 창문마저 부족해 열이 빠져나가지 못한다고 전했다. 더위로 인한 피로감 어지럼 두통 구토 등 온열질환을 호소하는 노동자들이 늘고 있으나 쿠팡이 지급하는 건 생수와 포도당 몇 알이 전부라고 지부는 주장했다. 또 200여명이 사용하는 휴게실에는 선풍기 5대가량이 돌아가지만 실내 온도가 30도를 웃돌 때가 많다며 어쩌다 에어컨이 설치된 공간은 비좁아 노동자들이 휴식을 취하기가 어렵다고 설명했다.고용노동부가 발표한 폭염 대비 노동자 건강보호 대책 가이드라인에 따르면 폭염주의보33도 이상이 2일 이상 지속 발령 시 시원한 물과 충분한 그늘 제공 매시간마다 10분씩 휴식하기 무더위 시간대 작업시간 조정 등을 해야 한다. 지부에 따르면 물류센터의 실내 온도는 31 34도 사이인데 노동자들에게 쉬는 시간은 식사시간 1시간이 전부다.물류센터라고 폭염에 대처할 아무런 방법이 없는 것은 아니다. 창고형 센터인 쿠팡과 단순 비교할 수는 없지만 공공기관인 우편집중국우체국물류센터은 휴식시간 보장과 함께 천장형 에어컨 제빙기 휴게소 설치 등으로 노동자들이 건강을 지킬 수 있도록 돕는다.김한민 물류센터지부장은 단기간 내 에어컨을 설치하기가 힘들면 일정 시간 일한 후 쉴 수 있는 휴게시간만이라도 보장해 사고를 막았으면 한다며 구조상 어쩔 수 없다는 이유로 폭염에 방치하지 말고 할 수 있는 것부터 협의해 나갔으면 한다고 말했다. 쿠팡 관계자는 물건을 쌓아놓고 있는 창고형 센터인 데다 대량의 물건 입고와 출고가 계속 발생해 냉난방기 설치가 쉽지 않은 구조라며 센터마다 상황이 제각각인 만큼 에어컨을 포함한 냉난방시설 추가 설치 휴식시간 보장 등 노동자 안전을 위한 다양한 대책을 검토하고 있다고 밝혔다. 노동부 관계자는 여름에 일시적으로 온도가 급격히 올라가는 물류센터 등에 대해 규제를 하기는 어려운 상황이라며 폭염 대비 기본 수칙물 그늘 휴식 제공을 준수하도록 쿠팡에 대한 지도를 강화하겠다고 말했다.,https://news.naver.com/main/read.naver?mode=LSD&mid=sec&sid1=102&oid=032&aid=0003087963,1,0
